sls_ord_num,sls_prd_key,sls_cust_id,sls_order_dt,sls_ship_dt,sls_due_dt,sls_sales,sls_quantity,sls_price
SO43697,BK-R93R-62,21768,20101229,20110105,20110110,3578,1,3578
SO43698,BK-M82S-44,28389,20101229,20110105,20110110,3400,1,3400
SO43699,BK-M82S-44,25863,20101229,20110105,20110110,3400,1,3400
SO43700,BK-R50B-62,14501,20101229,20110105,20110110,699,1,699
SO43701,BK-M82S-44,11003,20101229,20110105,20110110,3400,1,3400
SO43702,BK-R93R-44,27645,20101230,20110106,20110111,3578,1,3578
SO43703,BK-R93R-62,16624,20101230,20110106,20110111,3578,1,3578
SO43704,BK-M82B-48,11005,20101230,20110106,20110111,3375,1,3375
SO43705,BK-M82S-38,11011,20101230,20110106,20110111,3400,1,3400
SO43706,BK-R93R-48,27621,20101231,20110107,20110112,3578,1,3578
SO43707,BK-R93R-48,27616,20101231,20110107,20110112,3578,1,3578
SO43708,BK-R50R-52,20042,20101231,20110107,20110112,699,1,699
SO43709,BK-R93R-52,16351,20101231,20110107,20110112,3578,1,3578
SO43710,BK-R93R-56,16517,20101231,20110107,20110112,3578,1,3578
SO43711,BK-R93R-56,27606,20110101,20110108,20110113,3578,1,3578
SO43712,BK-R93R-44,13513,20110101,20110108,20110113,3578,1,3578
SO43713,BK-R93R-62,27601,20110102,20110109,20110114,3578,1,3578
SO43714,BK-R93R-44,13591,20110102,20110109,20110114,3578,1,3578
SO43715,BK-R93R-56,16483,20110102,20110109,20110114,3578,1,3578
SO43716,BK-R93R-44,16529,20110102,20110109,20110114,3578,1,3578
SO43717,BK-R50B-62,25249,20110102,20110109,20110114,699,1,699
SO43718,BK-R93R-44,27668,20110103,20110110,20110115,3578,1,3578
SO43719,BK-R93R-48,27612,20110103,20110110,20110115,3578,1,3578
SO43720,BK-R93R-44,13264,20110103,20110110,20110115,3578,1,3578
SO43721,BK-R93R-62,13590,20110103,20110110,20110115,3578,1,3578
SO43722,BK-R93R-48,13581,20110104,20110111,20110116,3578,1,3578
SO43723,BK-R50B-58,14520,20110104,20110111,20110116,699,1,699
SO43724,BK-R93R-44,16520,20110104,20110111,20110116,3578,1,3578
SO43725,BK-R93R-44,13258,20110105,20110112,20110117,3578,1,3578
SO43726,BK-R50B-58,14560,20110105,20110112,20110117,699,1,699
SO43727,BK-R93R-44,16607,20110105,20110112,20110117,3578,1,3578
SO43728,BK-R93R-52,27666,20110106,20110113,20110118,3578,1,3578
SO43729,BK-M82S-44,11238,20110106,20110113,20110118,3400,1,3400
SO43730,BK-M82S-44,25861,20110106,20110113,20110118,3400,1,3400
SO43731,BK-R93R-56,16629,20110106,20110113,20110118,3578,1,3578
SO43732,BK-M82B-44,11025,20110106,20110113,20110118,3375,1,3375
SO43733,BK-R93R-48,27577,20110106,20110113,20110118,3578,1,3578
SO43734,BK-R93R-48,27604,20110107,20110114,20110119,3578,1,3578
SO43735,BK-R93R-62,16522,20110107,20110114,20110119,3578,1,3578
SO43736,BK-M82S-44,11002,20110107,20110114,20110119,3400,1,3400
SO43737,BK-R93R-44,13261,20110108,20110115,20110120,3578,1,3578
SO43738,BK-R93R-48,11606,20110108,20110115,20110120,3578,1,3578
SO43739,BK-R93R-62,13563,20110108,20110115,20110120,3578,1,3578
SO43740,BK-R93R-48,16527,20110108,20110115,20110120,3578,1,3578
SO43741,BK-R93R-62,27671,20110109,20110116,20110121,3578,1,3578
SO43742,BK-R93R-56,13576,20110109,20110116,20110121,3578,1,3578
SO43743,BK-M82S-48,11007,20110109,20110116,20110121,3400,1,3400
SO43744,BK-R93R-52,16631,20110109,20110116,20110121,3578,1,3578
SO43745,BK-R93R-44,16514,20110110,20110117,20110122,3578,1,3578
SO43746,BK-R93R-48,16616,20110110,20110117,20110122,3578,1,3578
SO43747,BK-R93R-56,27623,20110111,20110118,20110123,3578,1,3578
SO43748,BK-R93R-52,27625,20110111,20110118,20110123,3578,1,3578
SO43749,BK-R93R-56,27636,20110111,20110118,20110123,3578,1,3578
SO43750,BK-R93R-44,11591,20110111,20110118,20110123,3578,1,3578
SO43751,BK-R93R-52,11592,20110111,20110118,20110123,3578,1,3578
SO43752,BK-R93R-44,13265,20110111,20110118,20110123,3578,1,3578
SO43753,BK-R93R-62,16482,20110111,20110118,20110123,3578,1,3578
SO43754,BK-R93R-48,27617,20110112,20110119,20110124,3578,1,3578
SO43755,BK-R93R-44,27670,20110112,20110119,20110124,3578,1,3578
SO43756,BK-R50B-58,19941,20110112,20110119,20110124,699,1,699
SO43757,BK-M82B-44,11017,20110112,20110119,20110124,3375,1,3375
SO43758,BK-R93R-62,27646,20110113,20110120,20110125,3578,1,3578
SO43759,BK-R93R-62,13257,20110113,20110120,20110125,3578,1,3578
SO43760,BK-R93R-56,16352,20110113,20110120,20110125,3578,1,3578
SO43761,BK-R93R-62,16493,20110113,20110120,20110125,3578,1,3578
SO43762,BK-R93R-56,27578,20110114,20110121,20110126,3578,1,3578
SO43763,BK-R93R-52,16525,20110114,20110121,20110126,3578,1,3578
SO43764,BK-R93R-62,16612,20110114,20110121,20110126,3578,1,3578
SO43765,BK-M82S-44,11010,20110114,20110121,20110126,3400,1,3400
SO43766,BK-R93R-52,16518,20110115,20110122,20110127,3578,1,3578
SO43767,BK-M82B-44,11001,20110115,20110122,20110127,3375,1,3375
SO43768,BK-R93R-48,27649,20110116,20110123,20110128,3578,1,3578
SO43769,BK-R93R-48,21659,20110116,20110123,20110128,3578,1,3578
SO43770,BK-R93R-48,27614,20110116,20110123,20110128,3578,1,3578
SO43771,BK-R50R-52,14559,20110116,20110123,20110128,699,1,699
SO43772,BK-R93R-48,16524,20110116,20110123,20110128,3578,1,3578
SO43773,BK-R93R-56,16526,20110116,20110123,20110128,3578,1,3578
SO43774,BK-R93R-52,16348,20110116,20110123,20110128,3578,1,3578
SO43775,BK-M82S-48,11027,20110116,20110123,20110128,3400,1,3400
SO43776,BK-R93R-56,13260,20110117,20110124,20110129,3578,1,3578
SO43777,BK-R93R-44,16515,20110117,20110124,20110129,3578,1,3578
SO43778,BK-M82S-42,11018,20110117,20110124,20110129,3400,1,3400
SO43779,BK-R50R-44,25252,20110117,20110124,20110129,699,1,699
SO43780,BK-R93R-44,11599,20110118,20110125,20110130,3578,1,3578
SO43781,BK-R93R-48,16495,20110118,20110125,20110130,3578,1,3578
SO43782,BK-R93R-48,16516,20110118,20110125,20110130,3578,1,3578
SO43783,BK-R93R-48,16620,20110118,20110125,20110130,3578,1,3578
SO43784,BK-R93R-62,27667,20110119,20110126,20110131,3578,1,3578
SO43785,BK-R93R-44,11601,20110119,20110126,20110131,3578,1,3578
SO43786,BK-R93R-44,11607,20110119,20110126,20110131,3578,1,3578
SO43787,BK-M82S-38,29385,20110119,20110126,20110131,3400,1,3400
SO43788,BK-M82B-48,11239,20110119,20110126,20110131,3375,1,3375
SO43789,BK-M82B-48,25865,20110119,20110126,20110131,3375,1,3375
SO43790,BK-M82S-38,25857,20110119,20110126,20110131,3400,1,3400
SO43791,BK-R93R-56,16484,20110119,20110126,20110131,3578,1,3578
SO43792,BK-R93R-48,16623,20110119,20110126,20110131,3578,1,3578
SO43793,BK-M82S-38,11000,20110119,20110126,20110131,3400,1,3400
SO43794,BK-M82S-48,11029,20110119,20110126,20110131,3400,1,3400
SO43795,BK-R93R-48,27615,20110120,20110127,20110201,3578,1,3578
SO43796,BK-R50B-52,17956,20110120,20110127,20110201,699,1,699
SO43797,BK-R93R-48,16345,20110120,20110127,20110201,3578,1,3578
SO43798,BK-R93R-62,16521,20110120,20110127,20110201,3578,1,3578
SO43799,BK-R93R-48,16636,20110120,20110127,20110201,3578,1,3578
SO43800,BK-R93R-44,21710,20110121,20110128,20110202,3578,1,3578
SO43801,BK-R93R-44,13583,20110121,20110128,20110202,3578,1,3578
SO43802,BK-R93R-48,11593,20110121,20110128,20110202,3578,1,3578
SO43803,BK-R93R-56,21741,20110122,20110129,20110203,3578,1,3578
SO43804,BK-R93R-62,13585,20110122,20110129,20110203,3578,1,3578
SO43805,BK-R50R-48,14510,20110122,20110129,20110203,699,1,699
SO43806,BK-R93R-48,16523,20110122,20110129,20110203,3578,1,3578
SO43807,BK-R93R-48,11611,20110123,20110130,20110204,3578,1,3578
SO43808,BK-R93R-52,13259,20110123,20110130,20110204,3578,1,3578
SO43809,BK-R93R-62,16350,20110123,20110130,20110204,3578,1,3578
SO43810,BK-M82S-42,11004,20110123,20110130,20110204,3400,1,3400
SO43811,BK-M82S-44,11026,20110123,20110130,20110204,3400,1,3400
SO43812,BK-R93R-48,27662,20110124,20110131,20110205,3578,1,3578
SO43813,BK-M82B-44,28390,20110124,20110131,20110205,3375,1,3375
SO43814,BK-M82B-44,25866,20110124,20110131,20110205,3375,1,3375
SO43815,BK-R93R-44,16494,20110124,20110131,20110205,3578,1,3578
SO43816,BK-R93R-56,16496,20110124,20110131,20110205,3578,1,3578
SO43817,BK-R93R-62,16519,20110124,20110131,20110205,3578,1,3578
SO43818,BK-R93R-48,16528,20110124,20110131,20110205,3578,1,3578
SO43819,BK-M82S-44,11006,20110124,20110131,20110205,3400,1,3400
SO43820,BK-R93R-48,27651,20110125,20110201,20110206,3578,1,3578
SO43821,BK-R93R-62,27663,20110125,20110201,20110206,3578,1,3578
SO43822,BK-R93R-52,27669,20110125,20110201,20110206,3578,1,3578
SO43823,BK-R50B-52,19942,20110125,20110201,20110206,699,1,699
SO43824,BK-R50B-44,14558,20110125,20110201,20110206,699,1,699
SO43825,BK-R93R-52,16349,20110125,20110201,20110206,3578,1,3578
SO43826,BK-M82B-38,11008,20110125,20110201,20110206,3375,1,3375
SO43827,BK-R50B-44,25250,20110125,20110201,20110206,699,1,699
SO43828,BK-R93R-62,27605,20110126,20110202,20110207,3578,1,3578
SO43829,BK-R93R-62,27611,20110126,20110202,20110207,3578,1,3578
SO43830,BK-R93R-44,16347,20110126,20110202,20110207,3578,1,3578
SO43831,BK-M82B-42,11028,20110126,20110202,20110207,3375,1,3375
SO43832,BK-R93R-62,13584,20110126,20110202,20110207,3578,1,3578
SO43833,BK-R93R-62,21727,20110127,20110203,20110208,3578,1,3578
SO43834,BK-M82B-38,28393,20110127,20110203,20110208,3375,1,3375
SO43835,BK-M82B-38,19802,20110127,20110203,20110208,3375,1,3375
SO43836,BK-R50R-62,26620,20110127,20110203,20110208,699,1,699
SO43837,BK-M82B-44,11009,20110127,20110203,20110208,3375,1,3375
SO43838,BK-R93R-52,27641,20110128,20110204,20110209,3578,1,3578
SO43839,BK-R93R-44,27673,20110128,20110204,20110209,3578,1,3578
SO43840,BK-R50R-44,17957,20110128,20110204,20110209,699,1,699
SO43841,BK-R93R-56,13406,20110128,20110204,20110209,3578,1,3578
SO43842,BK-R93R-48,16630,20110128,20110204,20110209,3578,1,3578
SO43918,BK-R93R-52,22041,20110129,20110205,20110210,3578,1,3578
SO43919,BK-R93R-56,12124,20110129,20110205,20110210,3578,1,3578
SO43920,BK-R93R-52,28066,20110129,20110205,20110210,3578,1,3578
SO43921,BK-R93R-52,16743,20110129,20110205,20110210,3578,1,3578
SO43922,BK-R93R-62,13546,20110129,20110205,20110210,3578,1,3578
SO43923,BK-R93R-48,28018,20110130,20110206,20110211,3578,1,3578
SO43924,BK-R93R-62,12132,20110130,20110206,20110211,3578,1,3578
SO43925,BK-R93R-56,16661,20110130,20110206,20110211,3578,1,3578
SO43926,BK-M82B-48,11055,20110131,20110207,20110212,3375,1,3375
SO43927,BK-R93R-56,16662,20110131,20110207,20110212,3578,1,3578
SO43928,BK-R93R-52,16740,20110131,20110207,20110212,3578,1,3578
SO43929,BK-R50R-60,25270,20110131,20110207,20110212,699,1,699
SO43930,BK-R93R-48,28038,20110201,20110208,20110213,3578,1,3578
SO43931,BK-R93R-52,13548,20110201,20110208,20110213,3578,1,3578
SO43932,BK-R93R-56,16741,20110201,20110208,20110213,3578,1,3578
SO43933,BK-M82S-48,11031,20110201,20110208,20110213,3400,1,3400
SO43934,BK-M82S-44,11034,20110201,20110208,20110213,3400,1,3400
SO43935,BK-R50B-60,20048,20110202,20110209,20110214,699,1,699
SO43936,BK-R93R-44,28065,20110202,20110209,20110214,3578,1,3578
SO43937,BK-R93R-48,17047,20110202,20110209,20110214,3578,1,3578
SO43938,BK-R93R-62,16686,20110202,20110209,20110214,3578,1,3578
SO43939,BK-R93R-48,16659,20110202,20110209,20110214,3578,1,3578
SO43940,BK-R50B-62,25294,20110202,20110209,20110214,699,1,699
SO43941,BK-R93R-56,13600,20110203,20110210,20110215,3578,1,3578
SO43942,BK-R93R-62,17051,20110203,20110210,20110215,3578,1,3578
SO43943,BK-R50B-44,14565,20110203,20110210,20110215,699,1,699
SO43944,BK-M82S-38,11054,20110203,20110210,20110215,3400,1,3400
SO43945,BK-R93R-62,16675,20110203,20110210,20110215,3578,1,3578
SO43946,BK-R93R-52,16687,20110203,20110210,20110215,3578,1,3578
SO43947,BK-R93R-62,16712,20110203,20110210,20110215,3578,1,3578
SO43948,BK-M82S-42,11047,20110203,20110210,20110215,3400,1,3400
SO43949,BK-R93R-62,27726,20110204,20110211,20110216,3578,1,3578
SO43950,BK-R93R-44,28014,20110204,20110211,20110216,3578,1,3578
SO43951,BK-R93R-44,16696,20110204,20110211,20110216,3578,1,3578
SO43952,BK-R93R-48,16639,20110204,20110211,20110216,3578,1,3578
SO43953,BK-R50B-52,20049,20110205,20110212,20110217,699,1,699
SO43954,BK-R93R-44,13602,20110205,20110212,20110217,3578,1,3578
SO43955,BK-R93R-56,13661,20110205,20110212,20110217,3578,1,3578
SO43956,BK-M82S-38,11030,20110205,20110212,20110217,3400,1,3400
SO43957,BK-R93R-52,28068,20110206,20110213,20110218,3578,1,3578
SO43958,BK-R93R-48,16658,20110206,20110213,20110218,3578,1,3578
SO43959,BK-M82B-38,11035,20110206,20110213,20110218,3375,1,3375
SO43960,BK-M82B-42,11046,20110206,20110213,20110218,3375,1,3375
SO43961,BK-R93R-44,28031,20110207,20110214,20110219,3578,1,3578
SO43962,BK-R93R-48,28076,20110207,20110214,20110219,3578,1,3578
SO43963,BK-R93R-56,16685,20110207,20110214,20110219,3578,1,3578
SO43964,BK-R93R-48,16745,20110207,20110214,20110219,3578,1,3578
SO43965,BK-M82B-48,11038,20110207,20110214,20110219,3375,1,3375
SO43966,BK-M82S-48,11039,20110207,20110214,20110219,3400,1,3400
SO43967,BK-R93R-52,28040,20110208,20110215,20110220,3578,1,3578
SO43968,BK-R93R-52,28067,20110208,20110215,20110220,3578,1,3578
SO43969,BK-R93R-62,28071,20110208,20110215,20110220,3578,1,3578
SO43970,BK-R93R-44,16684,20110208,20110215,20110220,3578,1,3578
SO43971,BK-R93R-56,16657,20110208,20110215,20110220,3578,1,3578
SO43972,BK-R93R-56,21939,20110209,20110216,20110221,3578,1,3578
SO43973,BK-R93R-48,28039,20110209,20110216,20110221,3578,1,3578
SO43974,BK-R93R-48,13687,20110209,20110216,20110221,3578,1,3578
SO43975,BK-R93R-48,13540,20110209,20110216,20110221,3578,1,3578
SO43976,BK-R93R-62,28063,20110209,20110216,20110221,3578,1,3578
SO43977,BK-R93R-48,16703,20110209,20110216,20110221,3578,1,3578
SO43978,BK-R93R-62,28030,20110210,20110217,20110222,3578,1,3578
SO43979,BK-R50R-60,14576,20110210,20110217,20110222,699,1,699
SO43980,BK-M82B-48,11048,20110210,20110217,20110222,3375,1,3375
SO43981,BK-R93R-56,16664,20110210,20110217,20110222,3578,1,3578
SO43982,BK-R50B-52,25271,20110210,20110217,20110222,699,1,699
SO43983,BK-R93R-56,28017,20110211,20110218,20110223,3578,1,3578
SO43984,BK-R93R-44,13545,20110211,20110218,20110223,3578,1,3578
SO43985,BK-R93R-52,13515,20110211,20110218,20110223,3578,1,3578
SO43986,BK-R93R-62,28070,20110211,20110218,20110223,3578,1,3578
SO43987,BK-R93R-62,28042,20110212,20110219,20110224,3578,1,3578
SO43988,BK-M82S-38,11244,20110212,20110219,20110224,3400,1,3400
SO43989,BK-R93R-48,28083,20110212,20110219,20110224,3578,1,3578
SO43990,BK-M82S-38,25872,20110212,20110219,20110224,3400,1,3400
SO43991,BK-R93R-62,16660,20110212,20110219,20110224,3578,1,3578
SO43992,BK-R93R-44,16638,20110212,20110219,20110224,3578,1,3578
SO43993,BK-R93R-56,16929,20110214,20110221,20110226,3578,1,3578
SO43994,BK-R93R-56,27681,20110215,20110222,20110227,3578,1,3578
SO43995,BK-R93R-48,21813,20110215,20110222,20110227,3578,1,3578
SO43996,BK-R93R-62,27920,20110215,20110222,20110227,3578,1,3578
SO43997,BK-R93R-62,28022,20110215,20110222,20110227,3578,1,3578
SO43998,BK-M82B-38,11033,20110215,20110222,20110227,3375,1,3375
SO43999,BK-R93R-44,28047,20110215,20110222,20110227,3578,1,3578
SO44000,BK-R93R-44,27918,20110216,20110223,20110228,3578,1,3578
SO44001,BK-R93R-52,28044,20110216,20110223,20110228,3578,1,3578
SO44002,BK-R50B-62,14572,20110216,20110223,20110228,699,1,699
SO44003,BK-R50B-52,19325,20110216,20110223,20110228,699,1,699
SO44004,BK-R93R-62,28061,20110216,20110223,20110228,3578,1,3578
SO44005,BK-R50B-60,26629,20110216,20110223,20110228,699,1,699
SO44006,BK-R93R-62,16744,20110216,20110223,20110228,3578,1,3578
SO44007,BK-R50R-58,25555,20110216,20110223,20110228,699,1,699
SO44008,BK-R93R-48,27678,20110217,20110224,20110301,3578,1,3578
SO44009,BK-R93R-56,27759,20110217,20110224,20110301,3578,1,3578
SO44010,BK-R93R-62,13680,20110217,20110224,20110301,3578,1,3578
SO44011,BK-R93R-62,13514,20110217,20110224,20110301,3578,1,3578
SO44012,BK-M82B-42,11052,20110217,20110224,20110301,3375,1,3375
SO44013,BK-R93R-48,16928,20110217,20110224,20110301,3578,1,3578
SO44014,BK-R93R-52,27917,20110218,20110225,20110302,3578,1,3578
SO44015,BK-R93R-44,13693,20110218,20110225,20110302,3578,1,3578
SO44016,BK-M82B-44,11247,20110218,20110225,20110302,3375,1,3375
SO44017,BK-R93R-62,28078,20110218,20110225,20110302,3578,1,3578
SO44018,BK-M82B-44,25876,20110218,20110225,20110302,3375,1,3375
SO44019,BK-R93R-62,16701,20110218,20110225,20110302,3578,1,3578
SO44020,BK-R93R-44,16931,20110218,20110225,20110302,3578,1,3578
SO44021,BK-M82B-38,11032,20110218,20110225,20110302,3375,1,3375
SO44022,BK-R93R-52,22008,20110219,20110226,20110303,3578,1,3578
SO44023,BK-M82B-42,19830,20110219,20110226,20110303,3375,1,3375
SO44024,BK-R93R-56,16663,20110219,20110226,20110303,3578,1,3578
SO44025,BK-R93R-56,16708,20110219,20110226,20110303,3578,1,3578
SO44026,BK-R93R-62,17045,20110219,20110226,20110303,3578,1,3578
SO44027,BK-R93R-62,21921,20110220,20110227,20110304,3578,1,3578
SO44028,BK-R93R-48,17048,20110220,20110227,20110304,3578,1,3578
SO44029,BK-M82B-44,11050,20110220,20110227,20110304,3375,1,3375
SO44030,BK-R93R-44,12131,20110221,20110228,20110305,3578,1,3578
SO44031,BK-R93R-52,13689,20110221,20110228,20110305,3578,1,3578
SO44032,BK-M82S-38,11243,20110221,20110228,20110305,3400,1,3400
SO44033,BK-R93R-56,16693,20110221,20110228,20110305,3578,1,3578
SO44034,BK-R93R-52,16702,20110221,20110228,20110305,3578,1,3578
SO44035,BK-R93R-48,16707,20110221,20110228,20110305,3578,1,3578
SO44036,BK-R93R-62,17046,20110221,20110228,20110305,3578,1,3578
SO44037,BK-R50R-48,25272,20110221,20110228,20110305,699,1,699
SO44038,BK-M82S-38,25868,20110221,20110228,20110305,3400,1,3400
SO44039,BK-R50B-52,17971,20110222,20110301,20110306,699,1,699
SO44040,BK-M82B-48,11057,20110222,20110301,20110306,3375,1,3375
SO44041,BK-R93R-52,16742,20110222,20110301,20110306,3578,1,3578
SO44042,BK-R93R-52,13678,20110223,20110302,20110307,3578,1,3578
SO44043,BK-R93R-44,13679,20110223,20110302,20110307,3578,1,3578
SO44044,BK-R93R-56,13690,20110223,20110302,20110307,3578,1,3578
SO44045,BK-M82S-38,28394,20110223,20110302,20110307,3400,1,3400
SO44046,BK-R93R-52,28064,20110223,20110302,20110307,3578,1,3578
SO44047,BK-M82S-38,25878,20110223,20110302,20110307,3400,1,3400
SO44048,BK-R93R-56,16713,20110223,20110302,20110307,3578,1,3578
SO44049,BK-R93R-56,13538,20110224,20110303,20110308,3578,1,3578
SO44050,BK-R93R-62,17050,20110224,20110303,20110308,3578,1,3578
SO44051,BK-R93R-62,13691,20110225,20110304,20110309,3578,1,3578
SO44052,BK-R93R-56,16637,20110225,20110304,20110309,3578,1,3578
SO44053,BK-R50B-44,19329,20110226,20110305,20110310,699,1,699
SO44054,BK-R93R-56,13542,20110226,20110305,20110310,3578,1,3578
SO44055,BK-R93R-62,13543,20110226,20110305,20110310,3578,1,3578
SO44056,BK-R93R-56,13559,20110226,20110305,20110310,3578,1,3578
SO44057,BK-R50B-44,14577,20110226,20110305,20110310,699,1,699
SO44058,BK-M82B-44,11056,20110226,20110305,20110310,3375,1,3375
SO44059,BK-R93R-52,16688,20110226,20110305,20110310,3578,1,3578
SO44060,BK-R50B-52,25273,20110226,20110305,20110310,699,1,699
SO44061,BK-R93R-62,27919,20110227,20110306,20110311,3578,1,3578
SO44062,BK-R93R-62,28041,20110227,20110306,20110311,3578,1,3578
SO44063,BK-M82S-38,11240,20110227,20110306,20110311,3400,1,3400
SO44064,BK-R93R-62,22050,20110227,20110306,20110311,3578,1,3578
SO44065,BK-R93R-62,28062,20110227,20110306,20110311,3578,1,3578
SO44066,BK-M82S-38,25867,20110227,20110306,20110311,3400,1,3400
SO44067,BK-R93R-62,17049,20110227,20110306,20110311,3578,1,3578
SO44068,BK-R93R-52,13541,20110228,20110307,20110312,3578,1,3578
SO44069,BK-M82B-42,28395,20110228,20110307,20110312,3375,1,3375
SO44070,BK-M82B-42,19829,20110228,20110307,20110312,3375,1,3375
SO44071,BK-R93R-52,16691,20110228,20110307,20110312,3578,1,3578
SO44072,BK-R93R-44,16656,20110228,20110307,20110312,3578,1,3578
SO44073,BK-M82B-48,11044,20110228,20110307,20110312,3375,1,3375
SO44134,BK-R93R-62,13821,20110301,20110308,20110313,3578,1,3578
SO44135,BK-R93R-62,28156,20110301,20110308,20110313,3578,1,3578
SO44136,BK-R93R-44,22114,20110301,20110308,20110313,3578,1,3578
SO44137,BK-R93R-56,17328,20110301,20110308,20110313,3578,1,3578
SO44138,BK-R93R-62,13765,20110302,20110309,20110314,3578,1,3578
SO44139,BK-R93R-44,13792,20110302,20110309,20110314,3578,1,3578
SO44140,BK-R93R-44,12221,20110302,20110309,20110314,3578,1,3578
SO44141,BK-R93R-52,13572,20110302,20110309,20110314,3578,1,3578
SO44142,BK-R93R-52,22058,20110302,20110309,20110314,3578,1,3578
SO44143,BK-R93R-52,28145,20110302,20110309,20110314,3578,1,3578
SO44144,BK-R93R-48,17071,20110302,20110309,20110314,3578,1,3578
SO44145,BK-R93R-62,17309,20110302,20110309,20110314,3578,1,3578
SO44146,BK-R93R-52,17310,20110302,20110309,20110314,3578,1,3578
SO44147,BK-R93R-62,17320,20110302,20110309,20110314,3578,1,3578
SO44148,BK-R93R-62,28172,20110303,20110310,20110315,3578,1,3578
SO44149,BK-R93R-48,17242,20110303,20110310,20110315,3578,1,3578
SO44150,BK-R93R-48,17315,20110303,20110310,20110315,3578,1,3578
SO44151,BK-R50R-48,25558,20110303,20110310,20110315,699,1,699
SO44152,BK-M82S-44,11334,20110304,20110311,20110316,3400,1,3400
SO44153,BK-R93R-48,28168,20110304,20110311,20110316,3578,1,3578
SO44154,BK-R93R-44,28181,20110304,20110311,20110316,3578,1,3578
SO44155,BK-R93R-52,28131,20110304,20110311,20110316,3578,1,3578
SO44156,BK-M82S-44,25887,20110304,20110311,20110316,3400,1,3400
SO44157,BK-R93R-56,17055,20110304,20110311,20110316,3578,1,3578
SO44158,BK-R93R-44,13567,20110305,20110312,20110317,3578,1,3578
SO44159,BK-R93R-44,28182,20110305,20110312,20110317,3578,1,3578
SO44160,BK-R93R-48,28186,20110305,20110312,20110317,3578,1,3578
SO44161,BK-R93R-56,13772,20110306,20110313,20110318,3578,1,3578
SO44162,BK-R93R-44,28185,20110306,20110313,20110318,3578,1,3578
SO44163,BK-R93R-56,28193,20110306,20110313,20110318,3578,1,3578
SO44164,BK-R93R-62,28088,20110306,20110313,20110318,3578,1,3578
SO44165,BK-R93R-52,17065,20110306,20110313,20110318,3578,1,3578
SO44166,BK-R50B-44,14581,20110306,20110313,20110318,699,1,699
SO44167,BK-R93R-56,17308,20110306,20110313,20110318,3578,1,3578
SO44168,BK-R93R-52,12211,20110307,20110314,20110319,3578,1,3578
SO44169,BK-R93R-44,28179,20110307,20110314,20110319,3578,1,3578
SO44170,BK-R93R-56,28183,20110307,20110314,20110319,3578,1,3578
SO44171,BK-R93R-52,28112,20110307,20110314,20110319,3578,1,3578
SO44172,BK-R50B-44,14584,20110307,20110314,20110319,699,1,699
SO44173,BK-R93R-48,13784,20110308,20110315,20110320,3578,1,3578
SO44174,BK-R93R-44,17229,20110308,20110315,20110320,3578,1,3578
SO44175,BK-R93R-52,17246,20110308,20110315,20110320,3578,1,3578
SO44176,BK-R93R-56,12220,20110309,20110316,20110321,3578,1,3578
SO44177,BK-M82B-44,11337,20110309,20110316,20110321,3375,1,3375
SO44178,BK-R93R-48,28097,20110309,20110316,20110321,3578,1,3578
SO44179,BK-M82B-44,25888,20110309,20110316,20110321,3375,1,3375
SO44180,BK-M82S-48,11058,20110309,20110316,20110321,3400,1,3400
SO44181,BK-R93R-48,17294,20110309,20110316,20110321,3578,1,3578
SO44182,BK-R93R-62,17299,20110309,20110316,20110321,3578,1,3578
SO44183,BK-R93R-62,28158,20110310,20110317,20110322,3578,1,3578
SO44184,BK-R93R-56,17247,20110310,20110317,20110322,3578,1,3578
SO44185,BK-R93R-62,17280,20110310,20110317,20110322,3578,1,3578
SO44186,BK-M82S-48,25889,20110312,20110319,20110324,3400,1,3400
SO44187,BK-R93R-52,17069,20110312,20110319,20110324,3578,1,3578
SO44188,BK-R50B-60,20052,20110313,20110320,20110325,699,1,699
SO44189,BK-R50R-60,20054,20110313,20110320,20110325,699,1,699
SO44190,BK-M82B-38,11061,20110313,20110320,20110325,3375,1,3375
SO44191,BK-R93R-62,17248,20110313,20110320,20110325,3578,1,3578
SO44192,BK-R93R-48,13570,20110314,20110321,20110326,3578,1,3578
SO44193,BK-R93R-48,28164,20110314,20110321,20110326,3578,1,3578
SO44194,BK-R93R-62,17064,20110314,20110321,20110326,3578,1,3578
SO44195,BK-R93R-52,17249,20110314,20110321,20110326,3578,1,3578
SO44196,BK-R93R-56,17295,20110314,20110321,20110326,3578,1,3578
SO44197,BK-R93R-48,28096,20110315,20110322,20110327,3578,1,3578
SO44198,BK-R93R-62,28150,20110315,20110322,20110327,3578,1,3578
SO44199,BK-R93R-52,17259,20110315,20110322,20110327,3578,1,3578
SO44200,BK-R93R-44,17312,20110315,20110322,20110327,3578,1,3578
SO44201,BK-R93R-52,12254,20110316,20110323,20110328,3578,1,3578
SO44202,BK-R93R-44,28159,20110316,20110323,20110328,3578,1,3578
SO44203,BK-R93R-48,28149,20110316,20110323,20110328,3578,1,3578
SO44204,BK-R50B-62,14580,20110316,20110323,20110328,699,1,699
SO44205,BK-R93R-48,17285,20110316,20110323,20110328,3578,1,3578
SO44206,BK-M82S-48,11250,20110317,20110324,20110329,3400,1,3400
SO44207,BK-R93R-52,28162,20110317,20110324,20110329,3578,1,3578
SO44208,BK-M82S-48,25879,20110317,20110324,20110329,3400,1,3400
SO44209,BK-R93R-44,17257,20110317,20110324,20110329,3578,1,3578
SO44210,BK-R93R-62,13783,20110318,20110325,20110330,3578,1,3578
SO44211,BK-R93R-52,28154,20110318,20110325,20110330,3578,1,3578
SO44212,BK-R93R-48,28170,20110318,20110325,20110330,3578,1,3578
SO44213,BK-R93R-62,17351,20110318,20110325,20110330,3578,1,3578
SO44214,BK-R93R-44,17332,20110318,20110325,20110330,3578,1,3578
SO44215,BK-R93R-48,28180,20110319,20110326,20110331,3578,1,3578
SO44216,BK-R93R-56,13560,20110319,20110326,20110331,3578,1,3578
SO44217,BK-R93R-62,28148,20110319,20110326,20110331,3578,1,3578
SO44218,BK-R93R-44,22109,20110319,20110326,20110331,3578,1,3578
SO44219,BK-R50B-44,14590,20110319,20110326,20110331,699,1,699
SO44220,BK-M82S-42,11060,20110319,20110326,20110331,3400,1,3400
SO44221,BK-R93R-56,17255,20110319,20110326,20110331,3578,1,3578
SO44222,BK-R93R-44,17258,20110319,20110326,20110331,3578,1,3578
SO44223,BK-R93R-62,13847,20110320,20110327,20110401,3578,1,3578
SO44224,BK-R93R-56,28166,20110320,20110327,20110401,3578,1,3578
SO44225,BK-R50R-60,20060,20110321,20110328,20110402,699,1,699
SO44226,BK-R93R-52,12255,20110321,20110328,20110402,3578,1,3578
SO44227,BK-M82B-42,28401,20110321,20110328,20110402,3375,1,3375
SO44228,BK-M82S-38,11333,20110321,20110328,20110402,3400,1,3400
SO44229,BK-M82S-38,25886,20110321,20110328,20110402,3400,1,3400
SO44230,BK-R93R-48,17241,20110321,20110328,20110402,3578,1,3578
SO44231,BK-R50B-60,17973,20110321,20110328,20110402,699,1,699
SO44232,BK-R93R-48,17334,20110321,20110328,20110402,3578,1,3578
SO44233,BK-R93R-62,13841,20110322,20110329,20110403,3578,1,3578
SO44234,BK-R93R-48,28184,20110322,20110329,20110403,3578,1,3578
SO44235,BK-R93R-52,22117,20110322,20110329,20110403,3578,1,3578
SO44236,BK-R93R-48,28191,20110322,20110329,20110403,3578,1,3578
SO44237,BK-R93R-62,17056,20110322,20110329,20110403,3578,1,3578
SO44238,BK-R93R-44,17079,20110322,20110329,20110403,3578,1,3578
SO44239,BK-R93R-44,12217,20110323,20110330,20110404,3578,1,3578
SO44240,BK-R93R-44,13580,20110323,20110330,20110404,3578,1,3578
SO44241,BK-R93R-52,28155,20110323,20110330,20110404,3578,1,3578
SO44242,BK-R93R-52,28163,20110323,20110330,20110404,3578,1,3578
SO44243,BK-R93R-48,17278,20110323,20110330,20110404,3578,1,3578
SO44244,BK-R93R-48,17329,20110323,20110330,20110404,3578,1,3578
SO44245,BK-R50R-52,25556,20110323,20110330,20110404,699,1,699
SO44246,BK-R93R-48,12219,20110324,20110331,20110405,3578,1,3578
SO44247,BK-R93R-62,17233,20110324,20110331,20110405,3578,1,3578
SO44248,BK-R93R-52,17240,20110324,20110331,20110405,3578,1,3578
SO44249,BK-R93R-52,13845,20110325,20110401,20110406,3578,1,3578
SO44250,BK-R93R-48,28167,20110325,20110401,20110406,3578,1,3578
SO44251,BK-R93R-44,28190,20110325,20110401,20110406,3578,1,3578
SO44252,BK-R93R-48,13777,20110326,20110402,20110407,3578,1,3578
SO44253,BK-R93R-62,28099,20110326,20110402,20110407,3578,1,3578
SO44254,BK-R93R-56,28142,20110326,20110402,20110407,3578,1,3578
SO44255,BK-R50B-48,14585,20110326,20110402,20110407,699,1,699
SO44256,BK-R93R-48,17232,20110326,20110402,20110407,3578,1,3578
SO44257,BK-R93R-52,12212,20110327,20110403,20110408,3578,1,3578
SO44258,BK-R93R-62,13579,20110327,20110403,20110408,3578,1,3578
SO44259,BK-R93R-48,28171,20110327,20110403,20110408,3578,1,3578
SO44260,BK-R93R-48,28194,20110327,20110403,20110408,3578,1,3578
SO44261,BK-R93R-48,22112,20110327,20110403,20110408,3578,1,3578
SO44262,BK-R50R-60,20149,20110327,20110403,20110408,699,1,699
SO44263,BK-R93R-62,17279,20110327,20110403,20110408,3578,1,3578
SO44264,BK-R93R-52,17286,20110327,20110403,20110408,3578,1,3578
SO44265,BK-R50R-58,25557,20110327,20110403,20110408,699,1,699
SO44266,BK-R50B-62,25559,20110327,20110403,20110408,699,1,699
SO44267,BK-R50B-62,19339,20110328,20110404,20110409,699,1,699
SO44268,BK-R93R-48,13820,20110328,20110404,20110409,3578,1,3578
SO44269,BK-R50R-44,14589,20110329,20110405,20110410,699,1,699
SO44270,BK-R93R-56,13794,20110330,20110406,20110411,3578,1,3578
SO44271,BK-R93R-56,13846,20110330,20110406,20110411,3578,1,3578
SO44272,BK-R93R-44,12256,20110330,20110406,20110411,3578,1,3578
SO44273,BK-R93R-44,28147,20110330,20110406,20110411,3578,1,3578
SO44274,BK-R93R-56,28152,20110330,20110406,20110411,3578,1,3578
SO44275,BK-R93R-44,17256,20110330,20110406,20110411,3578,1,3578
SO44276,BK-R93R-52,17277,20110330,20110406,20110411,3578,1,3578
SO44277,BK-R93R-44,17288,20110330,20110406,20110411,3578,1,3578
SO44278,BK-R93R-62,17293,20110330,20110406,20110411,3578,1,3578
SO44279,BK-R93R-52,17326,20110330,20110406,20110411,3578,1,3578
SO44320,BK-R93R-56,14429,20110331,20110407,20110412,3578,1,3578
SO44321,BK-R93R-44,28222,20110331,20110407,20110412,3578,1,3578
SO44322,BK-R50R-48,17975,20110331,20110407,20110412,699,1,699
SO44323,BK-M82S-38,11072,20110331,20110407,20110412,3400,1,3400
SO44324,BK-R93R-44,12267,20110401,20110408,20110413,3578,1,3578
SO44325,BK-M82B-48,11095,20110401,20110408,20110413,3375,1,3375
SO44326,BK-R93R-48,17728,20110401,20110408,20110413,3578,1,3578
SO44327,BK-R93R-56,28598,20110402,20110409,20110414,3578,1,3578
SO44328,BK-R93R-62,17921,20110402,20110409,20110414,3578,1,3578
SO44329,BK-R93R-44,17904,20110402,20110409,20110414,3578,1,3578
SO44330,BK-R93R-48,28199,20110402,20110409,20110414,3578,1,3578
SO44331,BK-R93R-44,28257,20110403,20110410,20110415,3578,1,3578
SO44332,BK-R93R-62,17510,20110403,20110410,20110415,3578,1,3578
SO44333,BK-M82S-42,11343,20110404,20110411,20110416,3400,1,3400
SO44334,BK-R93R-44,28273,20110404,20110411,20110416,3578,1,3578
SO44335,BK-R50R-62,20165,20110404,20110411,20110416,699,1,699
SO44336,BK-M82S-42,25895,20110404,20110411,20110416,3400,1,3400
SO44337,BK-M82B-48,11097,20110404,20110411,20110416,3375,1,3375
SO44338,BK-R93R-56,18188,20110404,20110411,20110416,3578,1,3578
SO44339,BK-R93R-44,18189,20110404,20110411,20110416,3578,1,3578
SO44340,BK-R93R-56,17354,20110404,20110411,20110416,3578,1,3578
SO44341,BK-M82B-38,25905,20110405,20110412,20110417,3375,1,3375
SO44342,BK-R50R-58,14610,20110405,20110412,20110417,699,1,699
SO44343,BK-R93R-56,17920,20110405,20110412,20110417,3578,1,3578
SO44344,BK-R93R-62,14427,20110406,20110413,20110418,3578,1,3578
SO44345,BK-R93R-52,28200,20110406,20110413,20110418,3578,1,3578
SO44346,BK-R50B-62,14602,20110406,20110413,20110418,699,1,699
SO44347,BK-R93R-48,17911,20110406,20110413,20110418,3578,1,3578
SO44348,BK-R93R-52,14159,20110407,20110414,20110419,3578,1,3578
SO44349,BK-R93R-44,28243,20110407,20110414,20110419,3578,1,3578
SO44350,BK-R93R-48,28244,20110407,20110414,20110419,3578,1,3578
SO44351,BK-R93R-56,28271,20110407,20110414,20110419,3578,1,3578
SO44352,BK-R93R-44,28297,20110407,20110414,20110419,3578,1,3578
SO44353,BK-R50R-44,14591,20110407,20110414,20110419,699,1,699
SO44354,BK-R50B-62,14603,20110407,20110414,20110419,699,1,699
SO44355,BK-M82S-48,11093,20110407,20110414,20110419,3400,1,3400
SO44356,BK-M82S-42,11099,20110407,20110414,20110419,3400,1,3400
SO44357,BK-R93R-62,17511,20110407,20110414,20110419,3578,1,3578
SO44358,BK-R93R-62,17732,20110407,20110414,20110419,3578,1,3578
SO44359,BK-R93R-44,14525,20110408,20110415,20110420,3578,1,3578
SO44360,BK-R93R-44,14158,20110408,20110415,20110420,3578,1,3578
SO44361,BK-R93R-62,13686,20110408,20110415,20110420,3578,1,3578
SO44362,BK-R93R-62,28259,20110408,20110415,20110420,3578,1,3578
SO44363,BK-R93R-48,28285,20110408,20110415,20110420,3578,1,3578
SO44364,BK-M82B-38,11092,20110408,20110415,20110420,3375,1,3375
SO44365,BK-R93R-52,17912,20110408,20110415,20110420,3578,1,3578
SO44366,BK-R93R-52,17502,20110408,20110415,20110420,3578,1,3578
SO44367,BK-R50R-48,25562,20110408,20110415,20110420,699,1,699
SO44368,BK-R93R-56,14150,20110409,20110416,20110421,3578,1,3578
SO44369,BK-R93R-62,28250,20110409,20110416,20110421,3578,1,3578
SO44370,BK-R93R-52,18193,20110409,20110416,20110421,3578,1,3578
SO44371,BK-R93R-44,17514,20110409,20110416,20110421,3578,1,3578
SO44372,BK-R93R-62,17736,20110409,20110416,20110421,3578,1,3578
SO44373,BK-R93R-62,13767,20110410,20110417,20110422,3578,1,3578
SO44374,BK-R93R-62,14157,20110410,20110417,20110422,3578,1,3578
SO44375,BK-R93R-62,14183,20110410,20110417,20110422,3578,1,3578
SO44376,BK-M82B-42,29399,20110410,20110417,20110422,3375,1,3375
SO44377,BK-R93R-62,28234,20110410,20110417,20110422,3578,1,3578
SO44378,BK-M82B-42,25903,20110410,20110417,20110422,3375,1,3375
SO44379,BK-M82B-48,11080,20110410,20110417,20110422,3375,1,3375
SO44380,BK-R93R-62,17915,20110410,20110417,20110422,3578,1,3578
SO44381,BK-R93R-52,14191,20110411,20110418,20110423,3578,1,3578
SO44382,BK-M82S-48,11341,20110411,20110418,20110423,3400,1,3400
SO44383,BK-R93R-62,28268,20110411,20110418,20110423,3578,1,3578
SO44384,BK-R93R-44,28296,20110411,20110418,20110423,3578,1,3578
SO44385,BK-R93R-56,28298,20110411,20110418,20110423,3578,1,3578
SO44386,BK-R93R-48,28587,20110411,20110418,20110423,3578,1,3578
SO44387,BK-M82B-48,11096,20110411,20110418,20110423,3375,1,3375
SO44388,BK-R93R-62,17924,20110411,20110418,20110423,3578,1,3578
SO44389,BK-R93R-52,17925,20110411,20110418,20110423,3578,1,3578
SO44390,BK-R93R-56,17353,20110411,20110418,20110423,3578,1,3578
SO44391,BK-R93R-52,17730,20110411,20110418,20110423,3578,1,3578
SO44392,BK-R93R-56,17910,20110411,20110418,20110423,3578,1,3578
SO44393,BK-M82S-42,29398,20110412,20110419,20110424,3400,1,3400
SO44394,BK-R93R-52,28246,20110412,20110419,20110424,3578,1,3578
SO44395,BK-R93R-56,28339,20110412,20110419,20110424,3578,1,3578
SO44396,BK-M82S-42,25901,20110412,20110419,20110424,3400,1,3400
SO44397,BK-R50R-52,14596,20110412,20110419,20110424,699,1,699
SO44398,BK-R93R-48,17733,20110412,20110419,20110424,3578,1,3578
SO44399,BK-R93R-44,28240,20110413,20110420,20110425,3578,1,3578
SO44400,BK-R93R-48,28588,20110413,20110420,20110425,3578,1,3578
SO44401,BK-R93R-48,17515,20110413,20110420,20110425,3578,1,3578
SO44402,BK-R93R-56,13666,20110414,20110421,20110426,3578,1,3578
SO44403,BK-M82B-44,19844,20110414,20110421,20110426,3375,1,3375
SO44404,BK-R93R-56,28221,20110415,20110422,20110427,3578,1,3578
SO44405,BK-R93R-62,28224,20110415,20110422,20110427,3578,1,3578
SO44406,BK-R93R-52,28299,20110415,20110422,20110427,3578,1,3578
SO44407,BK-M82B-48,11077,20110415,20110422,20110427,3375,1,3375
SO44408,BK-M82B-48,11103,20110415,20110422,20110427,3375,1,3375
SO44409,BK-R50R-58,25563,20110415,20110422,20110427,699,1,699
SO44410,BK-R93R-62,28223,20110416,20110423,20110428,3578,1,3578
SO44411,BK-R93R-48,28584,20110416,20110423,20110428,3578,1,3578
SO44412,BK-M82B-42,11100,20110416,20110423,20110428,3375,1,3375
SO44413,BK-R93R-62,13606,20110417,20110424,20110429,3578,1,3578
SO44414,BK-R93R-44,28340,20110417,20110424,20110429,3578,1,3578
SO44415,BK-R93R-48,28355,20110417,20110424,20110429,3578,1,3578
SO44416,BK-M82S-42,11069,20110417,20110424,20110429,3400,1,3400
SO44417,BK-R93R-44,17917,20110417,20110424,20110429,3578,1,3578
SO44418,BK-R93R-44,17919,20110417,20110424,20110429,3578,1,3578
SO44419,BK-R93R-62,17352,20110417,20110424,20110429,3578,1,3578
SO44420,BK-R93R-44,17512,20110417,20110424,20110429,3578,1,3578
SO44421,BK-R93R-52,13607,20110418,20110425,20110430,3578,1,3578
SO44422,BK-R50R-44,19353,20110418,20110425,20110430,699,1,699
SO44423,BK-R93R-52,28586,20110418,20110425,20110430,3578,1,3578
SO44424,BK-R93R-48,17916,20110418,20110425,20110430,3578,1,3578
SO44425,BK-R93R-44,17504,20110418,20110425,20110430,3578,1,3578
SO44426,BK-R93R-56,13770,20110419,20110426,20110501,3578,1,3578
SO44427,BK-R93R-56,14146,20110419,20110426,20110501,3578,1,3578
SO44428,BK-R93R-52,28362,20110419,20110426,20110501,3578,1,3578
SO44429,BK-R93R-56,28583,20110419,20110426,20110501,3578,1,3578
SO44430,BK-R93R-52,17927,20110419,20110426,20110501,3578,1,3578
SO44431,BK-R93R-48,17725,20110419,20110426,20110501,3578,1,3578
SO44432,BK-R93R-56,14165,20110420,20110427,20110502,3578,1,3578
SO44433,BK-R93R-48,28270,20110420,20110427,20110502,3578,1,3578
SO44434,BK-R93R-62,28580,20110420,20110427,20110502,3578,1,3578
SO44435,BK-R93R-48,28573,20110421,20110428,20110503,3578,1,3578
SO44436,BK-R50R-60,26630,20110421,20110428,20110503,699,1,699
SO44437,BK-M82S-38,11076,20110421,20110428,20110503,3400,1,3400
SO44438,BK-R93R-48,17909,20110421,20110428,20110503,3578,1,3578
SO44439,BK-R93R-62,14195,20110422,20110429,20110504,3578,1,3578
SO44440,BK-R93R-48,12261,20110422,20110429,20110504,3578,1,3578
SO44441,BK-R93R-48,22118,20110422,20110429,20110504,3578,1,3578
SO44442,BK-R50B-60,14599,20110422,20110429,20110504,699,1,699
SO44443,BK-R93R-62,17370,20110422,20110429,20110504,3578,1,3578
SO44444,BK-R93R-44,13697,20110424,20110501,20110506,3578,1,3578
SO44445,BK-R93R-56,17478,20110425,20110502,20110507,3578,1,3578
SO44446,BK-R93R-52,17914,20110425,20110502,20110507,3578,1,3578
SO44447,BK-R93R-48,12265,20110426,20110503,20110508,3578,1,3578
SO44448,BK-R93R-44,28264,20110426,20110503,20110508,3578,1,3578
SO44449,BK-R93R-48,28293,20110426,20110503,20110508,3578,1,3578
SO44450,BK-R93R-62,28294,20110426,20110503,20110508,3578,1,3578
SO44451,BK-R93R-52,28295,20110426,20110503,20110508,3578,1,3578
SO44452,BK-R50B-58,20164,20110426,20110503,20110508,699,1,699
SO44453,BK-R93R-62,17923,20110426,20110503,20110508,3578,1,3578
SO44454,BK-R93R-62,17926,20110426,20110503,20110508,3578,1,3578
SO44455,BK-R93R-48,17513,20110426,20110503,20110508,3578,1,3578
SO44456,BK-R50R-58,25560,20110426,20110503,20110508,699,1,699
SO44457,BK-R93R-44,28196,20110427,20110504,20110509,3578,1,3578
SO44458,BK-R93R-56,28247,20110427,20110504,20110509,3578,1,3578
SO44459,BK-R93R-56,28288,20110427,20110504,20110509,3578,1,3578
SO44460,BK-R50B-60,20150,20110427,20110504,20110509,699,1,699
SO44461,BK-R93R-52,17918,20110427,20110504,20110509,3578,1,3578
SO44462,BK-R93R-44,14155,20110428,20110505,20110510,3578,1,3578
SO44463,BK-R50B-58,19340,20110428,20110505,20110510,699,1,699
SO44464,BK-R93R-56,22120,20110428,20110505,20110510,3578,1,3578
SO44465,BK-R50R-58,14613,20110428,20110505,20110510,699,1,699
SO44466,BK-R50B-60,26640,20110428,20110505,20110510,699,1,699
SO44467,BK-M82S-44,11070,20110428,20110505,20110510,3400,1,3400
SO44468,BK-M82B-48,11075,20110428,20110505,20110510,3375,1,3375
SO44469,BK-R93R-56,17734,20110428,20110505,20110510,3578,1,3578
SO44470,BK-R93R-52,17735,20110428,20110505,20110510,3578,1,3578
SO44471,BK-R50R-60,25561,20110428,20110505,20110510,699,1,699
SO44472,BK-R93R-48,13685,20110429,20110506,20110511,3578,1,3578
SO44473,BK-R93R-48,28255,20110429,20110506,20110511,3578,1,3578
SO44474,BK-R50R-52,14601,20110429,20110506,20110511,699,1,699
SO44475,BK-M82S-42,11101,20110429,20110506,20110511,3400,1,3400
SO44476,BK-R93R-56,17913,20110429,20110506,20110511,3578,1,3578
SO44477,BK-R93R-62,17922,20110429,20110506,20110511,3578,1,3578
SO44478,BK-R93R-56,17726,20110429,20110506,20110511,3578,1,3578
SO44479,BK-M82B-44,29391,20110430,20110507,20110512,3375,1,3375
SO44480,BK-M82B-44,25891,20110430,20110507,20110512,3375,1,3375
SO44571,BK-M82S-48,29448,20110501,20110508,20110513,3400,1,3400
SO44572,BK-R93R-56,28664,20110501,20110508,20110513,3578,1,3578
SO44573,BK-M82S-48,25917,20110501,20110508,20110513,3400,1,3400
SO44574,BK-M82B-42,11107,20110501,20110508,20110513,3375,1,3375
SO44575,BK-M82S-38,11110,20110501,20110508,20110513,3400,1,3400
SO44576,BK-R93R-52,28660,20110501,20110508,20110513,3578,1,3578
SO44577,BK-R93R-56,28667,20110502,20110509,20110514,3578,1,3578
SO44578,BK-R93R-56,28653,20110502,20110509,20110514,3578,1,3578
SO44579,BK-R93R-48,28662,20110502,20110509,20110514,3578,1,3578
SO44580,BK-R93R-56,13782,20110503,20110510,20110515,3578,1,3578
SO44581,BK-M82B-38,11108,20110503,20110510,20110515,3375,1,3375
SO44582,BK-M82S-44,11134,20110503,20110510,20110515,3400,1,3400
SO44583,BK-R93R-62,18210,20110503,20110510,20110515,3578,1,3578
SO44584,BK-R93R-52,28671,20110504,20110511,20110516,3578,1,3578
SO44585,BK-R93R-48,28790,20110504,20110511,20110516,3578,1,3578
SO44586,BK-R93R-56,28794,20110504,20110511,20110516,3578,1,3578
SO44587,BK-R93R-44,28627,20110504,20110511,20110516,3578,1,3578
SO44588,BK-R50B-52,26683,20110504,20110511,20110516,699,1,699
SO44589,BK-M82S-44,11104,20110504,20110511,20110516,3400,1,3400
SO44590,BK-R93R-62,13795,20110505,20110512,20110517,3578,1,3578
SO44591,BK-R50R-52,17987,20110505,20110512,20110517,699,1,699
SO44592,BK-R93R-56,28761,20110505,20110512,20110517,3578,1,3578
SO44593,BK-R93R-52,28645,20110505,20110512,20110517,3578,1,3578
SO44594,BK-R93R-62,18250,20110505,20110512,20110517,3578,1,3578
SO44595,BK-M82S-42,11124,20110505,20110512,20110517,3400,1,3400
SO44596,BK-R93R-52,18238,20110505,20110512,20110517,3578,1,3578
SO44597,BK-R93R-62,12290,20110506,20110513,20110518,3578,1,3578
SO44598,BK-M82B-38,29400,20110506,20110513,20110518,3375,1,3375
SO44599,BK-R93R-62,28792,20110506,20110513,20110518,3578,1,3578
SO44600,BK-R93R-56,18243,20110506,20110513,20110518,3578,1,3578
SO44601,BK-M82S-42,11117,20110506,20110513,20110518,3400,1,3400
SO44602,BK-R93R-56,14702,20110507,20110514,20110519,3578,1,3578
SO44603,BK-R50B-52,20167,20110507,20110514,20110519,699,1,699
SO44604,BK-R50R-60,19364,20110507,20110514,20110519,699,1,699
SO44605,BK-R93R-56,28672,20110507,20110514,20110519,3578,1,3578
SO44606,BK-R93R-52,28772,20110507,20110514,20110519,3578,1,3578
SO44607,BK-R93R-62,28774,20110507,20110514,20110519,3578,1,3578
SO44608,BK-R93R-52,18200,20110507,20110514,20110519,3578,1,3578
SO44609,BK-R93R-44,18220,20110507,20110514,20110519,3578,1,3578
SO44610,BK-R93R-52,18241,20110507,20110514,20110519,3578,1,3578
SO44611,BK-R93R-56,13778,20110508,20110515,20110520,3578,1,3578
SO44612,BK-R93R-44,28675,20110508,20110515,20110520,3578,1,3578
SO44613,BK-R93R-52,28628,20110508,20110515,20110520,3578,1,3578
SO44614,BK-R93R-48,28650,20110508,20110515,20110520,3578,1,3578
SO44615,BK-R93R-56,28654,20110508,20110515,20110520,3578,1,3578
SO44616,BK-R93R-56,28655,20110508,20110515,20110520,3578,1,3578
SO44617,BK-R93R-52,28666,20110508,20110515,20110520,3578,1,3578
SO44618,BK-R93R-56,18205,20110508,20110515,20110520,3578,1,3578
SO44619,BK-R93R-48,13789,20110509,20110516,20110521,3578,1,3578
SO44620,BK-R93R-48,18204,20110509,20110516,20110521,3578,1,3578
SO44621,BK-R93R-52,18217,20110509,20110516,20110521,3578,1,3578
SO44622,BK-R93R-44,13771,20110509,20110516,20110521,3578,1,3578
SO44623,BK-R93R-48,12301,20110510,20110517,20110522,3578,1,3578
SO44624,BK-R50B-52,19357,20110510,20110517,20110522,699,1,699
SO44625,BK-R93R-56,28658,20110510,20110517,20110522,3578,1,3578
SO44626,BK-R93R-52,18272,20110510,20110517,20110522,3578,1,3578
SO44627,BK-M82B-42,11109,20110510,20110517,20110522,3375,1,3375
SO44628,BK-M82B-38,11356,20110510,20110517,20110522,3375,1,3375
SO44629,BK-R93R-44,18209,20110510,20110517,20110522,3578,1,3578
SO44630,BK-R93R-48,28765,20110511,20110518,20110523,3578,1,3578
SO44631,BK-R93R-62,28629,20110511,20110518,20110523,3578,1,3578
SO44632,BK-R93R-56,18196,20110511,20110518,20110523,3578,1,3578
SO44633,BK-R93R-62,18203,20110511,20110518,20110523,3578,1,3578
SO44634,BK-R93R-44,18213,20110511,20110518,20110523,3578,1,3578
SO44635,BK-R93R-62,18218,20110511,20110518,20110523,3578,1,3578
SO44636,BK-R93R-56,14705,20110512,20110519,20110524,3578,1,3578
SO44637,BK-R93R-44,28644,20110512,20110519,20110524,3578,1,3578
SO44638,BK-R93R-62,28651,20110512,20110519,20110524,3578,1,3578
SO44639,BK-R50R-52,14617,20110512,20110519,20110524,699,1,699
SO44640,BK-R93R-52,18246,20110512,20110519,20110524,3578,1,3578
SO44641,BK-R93R-52,18255,20110512,20110519,20110524,3578,1,3578
SO44642,BK-R50R-52,25567,20110512,20110519,20110524,699,1,699
SO44643,BK-R93R-56,12280,20110513,20110520,20110525,3578,1,3578
SO44644,BK-R93R-44,12279,20110513,20110520,20110525,3578,1,3578
SO44645,BK-M82S-38,11344,20110513,20110520,20110525,3400,1,3400
SO44646,BK-M82S-38,29449,20110513,20110520,20110525,3400,1,3400
SO44647,BK-R93R-48,28770,20110513,20110520,20110525,3578,1,3578
SO44648,BK-M82S-38,25916,20110513,20110520,20110525,3400,1,3400
SO44649,BK-M82S-38,25924,20110513,20110520,20110525,3400,1,3400
SO44650,BK-M82B-48,11147,20110513,20110520,20110525,3375,1,3375
SO44651,BK-R93R-52,14720,20110514,20110521,20110526,3578,1,3578
SO44652,BK-M82B-44,28407,20110514,20110521,20110526,3375,1,3375
SO44653,BK-R50R-44,20170,20110514,20110521,20110526,699,1,699
SO44654,BK-R93R-52,28619,20110514,20110521,20110526,3578,1,3578
SO44655,BK-M82S-44,11105,20110514,20110521,20110526,3400,1,3400
SO44656,BK-R93R-44,18275,20110514,20110521,20110526,3578,1,3578
SO44657,BK-M82B-44,11120,20110514,20110521,20110526,3375,1,3375
SO44658,BK-R93R-48,18201,20110514,20110521,20110526,3578,1,3578
SO44659,BK-R93R-52,18208,20110514,20110521,20110526,3578,1,3578
SO44660,BK-R93R-62,28775,20110515,20110522,20110527,3578,1,3578
SO44661,BK-R50B-62,14639,20110515,20110522,20110527,699,1,699
SO44662,BK-M82B-42,11151,20110515,20110522,20110527,3375,1,3375
SO44663,BK-R93R-52,18212,20110515,20110522,20110527,3578,1,3578
SO44664,BK-R93R-44,18222,20110515,20110522,20110527,3578,1,3578
SO44665,BK-R50B-60,25564,20110515,20110522,20110527,699,1,699
SO44666,BK-R93R-52,28763,20110516,20110523,20110528,3578,1,3578
SO44667,BK-R93R-62,28795,20110516,20110523,20110528,3578,1,3578
SO44668,BK-R93R-52,28621,20110516,20110523,20110528,3578,1,3578
SO44669,BK-M82B-44,25942,20110516,20110523,20110528,3375,1,3375
SO44670,BK-R93R-52,18245,20110516,20110523,20110528,3578,1,3578
SO44671,BK-R93R-44,18268,20110516,20110523,20110528,3578,1,3578
SO44672,BK-R93R-62,18207,20110516,20110523,20110528,3578,1,3578
SO44673,BK-R93R-56,13790,20110517,20110524,20110529,3578,1,3578
SO44674,BK-R93R-56,28635,20110517,20110524,20110529,3578,1,3578
SO44675,BK-R50B-62,25566,20110517,20110524,20110529,699,1,699
SO44676,BK-R93R-48,18198,20110517,20110524,20110529,3578,1,3578
SO44677,BK-R93R-62,22233,20110518,20110525,20110530,3578,1,3578
SO44678,BK-R93R-62,22121,20110518,20110525,20110530,3578,1,3578
SO44679,BK-M82S-44,11106,20110518,20110525,20110530,3400,1,3400
SO44680,BK-R93R-48,12296,20110519,20110526,20110531,3578,1,3578
SO44681,BK-R50B-52,17982,20110519,20110526,20110531,699,1,699
SO44682,BK-R93R-62,28797,20110519,20110526,20110531,3578,1,3578
SO44683,BK-R93R-48,28799,20110519,20110526,20110531,3578,1,3578
SO44684,BK-R93R-62,28643,20110519,20110526,20110531,3578,1,3578
SO44685,BK-R93R-62,18249,20110519,20110526,20110531,3578,1,3578
SO44686,BK-R93R-52,14712,20110520,20110527,20110601,3578,1,3578
SO44687,BK-R50B-52,20172,20110520,20110527,20110601,699,1,699
SO44688,BK-R93R-62,18244,20110520,20110527,20110601,3578,1,3578
SO44689,BK-R93R-62,18269,20110520,20110527,20110601,3578,1,3578
SO44690,BK-M82S-38,11111,20110520,20110527,20110601,3400,1,3400
SO44691,BK-M82S-44,28414,20110521,20110528,20110602,3400,1,3400
SO44692,BK-R93R-44,28670,20110521,20110528,20110602,3578,1,3578
SO44693,BK-R93R-44,28676,20110521,20110528,20110602,3578,1,3578
SO44694,BK-R93R-44,22232,20110521,20110528,20110602,3578,1,3578
SO44695,BK-M82S-44,19855,20110521,20110528,20110602,3400,1,3400
SO44696,BK-R93R-52,18254,20110521,20110528,20110602,3578,1,3578
SO44697,BK-R93R-62,18219,20110522,20110529,20110603,3578,1,3578
SO44698,BK-R50R-44,25565,20110522,20110529,20110603,699,1,699
SO44699,BK-R93R-52,22234,20110523,20110530,20110604,3578,1,3578
SO44700,BK-R93R-56,28769,20110523,20110530,20110604,3578,1,3578
SO44701,BK-R50B-62,14636,20110523,20110530,20110604,699,1,699
SO44702,BK-R93R-56,18260,20110523,20110530,20110604,3578,1,3578
SO44703,BK-R93R-44,12300,20110524,20110531,20110605,3578,1,3578
SO44704,BK-M82B-44,29403,20110524,20110531,20110605,3375,1,3375
SO44705,BK-R93R-44,28678,20110524,20110531,20110605,3578,1,3578
SO44706,BK-R93R-44,28618,20110524,20110531,20110605,3578,1,3578
SO44707,BK-R93R-44,28649,20110524,20110531,20110605,3578,1,3578
SO44708,BK-M82B-44,25909,20110524,20110531,20110605,3375,1,3375
SO44709,BK-R93R-44,18240,20110524,20110531,20110605,3578,1,3578
SO44710,BK-R93R-52,28674,20110525,20110601,20110606,3578,1,3578
SO44711,BK-R93R-62,18248,20110525,20110601,20110606,3578,1,3578
SO44712,BK-M82B-38,11112,20110525,20110601,20110606,3375,1,3375
SO44713,BK-R93R-52,22128,20110526,20110602,20110607,3578,1,3578
SO44714,BK-R93R-52,28657,20110526,20110602,20110607,3578,1,3578
SO44715,BK-R93R-56,22182,20110526,20110602,20110607,3578,1,3578
SO44716,BK-R93R-56,22230,20110526,20110602,20110607,3578,1,3578
SO44717,BK-R50B-62,14616,20110526,20110602,20110607,699,1,699
SO44718,BK-R93R-56,18239,20110526,20110602,20110607,3578,1,3578
SO44719,BK-R93R-52,14700,20110527,20110603,20110608,3578,1,3578
SO44720,BK-R93R-44,28625,20110527,20110603,20110608,3578,1,3578
SO44721,BK-R50B-52,26643,20110527,20110603,20110608,699,1,699
SO44722,BK-R93R-62,13774,20110528,20110604,20110609,3578,1,3578
SO44723,BK-M82S-42,29410,20110528,20110604,20110609,3400,1,3400
SO44724,BK-R93R-56,28665,20110528,20110604,20110609,3578,1,3578
SO44725,BK-M82S-42,25910,20110528,20110604,20110609,3400,1,3400
SO44726,BK-R50B-58,14614,20110528,20110604,20110609,699,1,699
SO44727,BK-R93R-52,18273,20110528,20110604,20110609,3578,1,3578
SO44728,BK-M82S-38,11126,20110528,20110604,20110609,3400,1,3400
SO44729,BK-R93R-62,12307,20110529,20110605,20110610,3578,1,3578
SO44730,BK-R93R-44,14697,20110529,20110605,20110610,3578,1,3578
SO44731,BK-R93R-48,28661,20110529,20110605,20110610,3578,1,3578
SO44732,BK-R93R-48,18251,20110529,20110605,20110610,3578,1,3578
SO44733,BK-R93R-52,18214,20110529,20110605,20110610,3578,1,3578
SO44734,BK-R93R-52,12285,20110530,20110606,20110611,3578,1,3578
SO44735,BK-R93R-44,28673,20110530,20110606,20110611,3578,1,3578
SO44736,BK-R50R-48,14634,20110530,20110606,20110611,699,1,699
SO44737,BK-R93R-56,18242,20110530,20110606,20110611,3578,1,3578
SO44738,BK-R93R-52,18252,20110530,20110606,20110611,3578,1,3578
SO44739,BK-R93R-48,18202,20110530,20110606,20110611,3578,1,3578
SO44803,BK-R93R-62,12383,20110531,20110607,20110612,3578,1,3578
SO44804,BK-R93R-62,28829,20110531,20110607,20110612,3578,1,3578
SO44805,BK-R93R-56,29011,20110531,20110607,20110612,3578,1,3578
SO44806,BK-R93R-44,18452,20110531,20110607,20110612,3578,1,3578
SO44807,BK-M82B-44,11365,20110531,20110607,20110612,3375,1,3375
SO44808,BK-R93R-44,13836,20110601,20110608,20110613,3578,1,3578
SO44809,BK-R50B-52,20552,20110601,20110608,20110613,699,1,699
SO44810,BK-R93R-44,29126,20110601,20110608,20110613,3578,1,3578
SO44811,BK-R93R-44,22732,20110601,20110608,20110613,3578,1,3578
SO44812,BK-R93R-56,28988,20110601,20110608,20110613,3578,1,3578
SO44813,BK-R93R-48,18695,20110601,20110608,20110613,3578,1,3578
SO44814,BK-R93R-52,18281,20110601,20110608,20110613,3578,1,3578
SO44815,BK-M82B-48,11444,20110601,20110608,20110613,3375,1,3375
SO44816,BK-R93R-48,12321,20110602,20110609,20110614,3578,1,3578
SO44817,BK-R93R-48,14777,20110602,20110609,20110614,3578,1,3578
SO44818,BK-R93R-52,28827,20110602,20110609,20110614,3578,1,3578
SO44819,BK-R93R-52,28853,20110602,20110609,20110614,3578,1,3578
SO44820,BK-M82B-44,25972,20110602,20110609,20110614,3375,1,3375
SO44821,BK-M82S-42,25975,20110602,20110609,20110614,3400,1,3400
SO44822,BK-R93R-44,18486,20110602,20110609,20110614,3578,1,3578
SO44823,BK-R93R-52,18488,20110602,20110609,20110614,3578,1,3578
SO44824,BK-R93R-48,18694,20110602,20110609,20110614,3578,1,3578
SO44825,BK-R93R-48,18309,20110602,20110609,20110614,3578,1,3578
SO44826,BK-R93R-56,12308,20110603,20110610,20110615,3578,1,3578
SO44827,BK-M82S-38,25973,20110603,20110610,20110615,3400,1,3400
SO44828,BK-R93R-48,28997,20110603,20110610,20110615,3578,1,3578
SO44829,BK-R50B-60,14643,20110603,20110610,20110615,699,1,699
SO44830,BK-R93R-56,18337,20110603,20110610,20110615,3578,1,3578
SO44831,BK-M82B-44,29467,20110604,20110611,20110616,3375,1,3375
SO44832,BK-R93R-44,28804,20110604,20110611,20110616,3578,1,3578
SO44833,BK-R93R-62,28842,20110604,20110611,20110616,3578,1,3578
SO44834,BK-M82B-44,25952,20110604,20110611,20110616,3375,1,3375
SO44835,BK-R93R-44,18338,20110604,20110611,20110616,3578,1,3578
SO44836,BK-R93R-56,18465,20110604,20110611,20110616,3578,1,3578
SO44837,BK-R93R-48,13808,20110605,20110612,20110617,3578,1,3578
SO44838,BK-R93R-44,14138,20110605,20110612,20110617,3578,1,3578
SO44839,BK-R93R-56,28825,20110605,20110612,20110617,3578,1,3578
SO44840,BK-R93R-56,28857,20110605,20110612,20110617,3578,1,3578
SO44841,BK-R93R-56,18335,20110605,20110612,20110617,3578,1,3578
SO44842,BK-R93R-62,14140,20110606,20110613,20110618,3578,1,3578
SO44843,BK-R93R-48,29058,20110606,20110613,20110618,3578,1,3578
SO44844,BK-R93R-56,29139,20110606,20110613,20110618,3578,1,3578
SO44845,BK-R93R-52,28845,20110606,20110613,20110618,3578,1,3578
SO44846,BK-R93R-56,18334,20110606,20110613,20110618,3578,1,3578
SO44847,BK-M82S-44,11445,20110606,20110613,20110618,3400,1,3400
SO44848,BK-M82B-38,28418,20110607,20110614,20110619,3375,1,3375
SO44849,BK-R50R-60,17996,20110607,20110614,20110619,699,1,699
SO44850,BK-R50B-62,19417,20110607,20110614,20110619,699,1,699
SO44851,BK-R93R-62,22299,20110607,20110614,20110619,3578,1,3578
SO44852,BK-R93R-44,29128,20110607,20110614,20110619,3578,1,3578
SO44853,BK-M82B-38,19874,20110607,20110614,20110619,3375,1,3375
SO44854,BK-R93R-44,29004,20110607,20110614,20110619,3578,1,3578
SO44855,BK-R50R-58,26692,20110607,20110614,20110619,699,1,699
SO44856,BK-R50R-48,14651,20110607,20110614,20110619,699,1,699
SO44857,BK-R93R-62,18484,20110607,20110614,20110619,3578,1,3578
SO44858,BK-R93R-48,18487,20110607,20110614,20110619,3578,1,3578
SO44859,BK-R93R-62,18495,20110607,20110614,20110619,3578,1,3578
SO44860,BK-R93R-62,18693,20110607,20110614,20110619,3578,1,3578
SO44861,BK-R93R-56,18288,20110607,20110614,20110619,3578,1,3578
SO44862,BK-R93R-52,18457,20110607,20110614,20110619,3578,1,3578
SO44863,BK-R93R-62,18467,20110607,20110614,20110619,3578,1,3578
SO44864,BK-M82B-38,11364,20110607,20110614,20110619,3375,1,3375
SO44865,BK-M82B-48,11372,20110607,20110614,20110619,3375,1,3375
SO44866,BK-M82B-44,11443,20110607,20110614,20110619,3375,1,3375
SO44867,BK-R93R-52,14793,20110608,20110615,20110620,3578,1,3578
SO44868,BK-R93R-52,28852,20110608,20110615,20110620,3578,1,3578
SO44869,BK-R93R-48,18700,20110608,20110615,20110620,3578,1,3578
SO44870,BK-R93R-44,18301,20110608,20110615,20110620,3578,1,3578
SO44871,BK-M82S-42,11363,20110608,20110615,20110620,3400,1,3400
SO44872,BK-R93R-48,29111,20110609,20110616,20110621,3578,1,3578
SO44873,BK-R93R-48,28828,20110609,20110616,20110621,3578,1,3578
SO44874,BK-R50R-58,18004,20110610,20110617,20110622,699,1,699
SO44875,BK-R93R-52,29048,20110610,20110617,20110622,3578,1,3578
SO44876,BK-R93R-48,29056,20110610,20110617,20110622,3578,1,3578
SO44877,BK-R93R-44,29136,20110610,20110617,20110622,3578,1,3578
SO44878,BK-R93R-44,28807,20110610,20110617,20110622,3578,1,3578
SO44879,BK-R93R-62,28833,20110610,20110617,20110622,3578,1,3578
SO44880,BK-R93R-44,18470,20110610,20110617,20110622,3578,1,3578
SO44881,BK-R93R-52,18496,20110610,20110617,20110622,3578,1,3578
SO44882,BK-R93R-44,18703,20110610,20110617,20110622,3578,1,3578
SO44883,BK-R93R-56,18296,20110610,20110617,20110622,3578,1,3578
SO44884,BK-R93R-48,18308,20110610,20110617,20110622,3578,1,3578
SO44885,BK-R93R-62,14833,20110611,20110618,20110623,3578,1,3578
SO44886,BK-R93R-56,29108,20110611,20110618,20110623,3578,1,3578
SO44887,BK-R93R-62,28821,20110611,20110618,20110623,3578,1,3578
SO44888,BK-R93R-62,28838,20110611,20110618,20110623,3578,1,3578
SO44889,BK-M82B-38,11351,20110612,20110619,20110624,3375,1,3375
SO44890,BK-M82S-44,11381,20110612,20110619,20110624,3400,1,3400
SO44891,BK-R93R-62,28847,20110612,20110619,20110624,3578,1,3578
SO44892,BK-R93R-52,22267,20110612,20110619,20110624,3578,1,3578
SO44893,BK-R93R-56,28856,20110612,20110619,20110624,3578,1,3578
SO44894,BK-M82B-38,25943,20110612,20110619,20110624,3375,1,3375
SO44895,BK-M82B-48,25951,20110612,20110619,20110624,3375,1,3375
SO44896,BK-M82S-44,25964,20110612,20110619,20110624,3400,1,3400
SO44897,BK-R93R-56,18696,20110612,20110619,20110624,3578,1,3578
SO44898,BK-R93R-62,18307,20110612,20110619,20110624,3578,1,3578
SO44899,BK-M82B-48,11353,20110612,20110619,20110624,3375,1,3375
SO44900,BK-R93R-56,14778,20110613,20110620,20110625,3578,1,3578
SO44901,BK-R93R-52,12332,20110613,20110620,20110625,3578,1,3578
SO44902,BK-R93R-56,13829,20110613,20110620,20110625,3578,1,3578
SO44903,BK-R93R-52,18284,20110613,20110620,20110625,3578,1,3578
SO44904,BK-M82B-44,11359,20110613,20110620,20110625,3375,1,3375
SO44905,BK-R93R-48,13822,20110614,20110621,20110626,3578,1,3578
SO44906,BK-R93R-44,14832,20110614,20110621,20110626,3578,1,3578
SO44907,BK-R50R-62,19415,20110614,20110621,20110626,699,1,699
SO44908,BK-R93R-56,29032,20110614,20110621,20110626,3578,1,3578
SO44909,BK-R93R-62,28840,20110614,20110621,20110626,3578,1,3578
SO44910,BK-M82S-38,25969,20110614,20110621,20110626,3400,1,3400
SO44911,BK-M82B-42,25976,20110614,20110621,20110626,3375,1,3375
SO44912,BK-R93R-62,28966,20110614,20110621,20110626,3578,1,3578
SO44913,BK-R93R-44,18468,20110614,20110621,20110626,3578,1,3578
SO44914,BK-R93R-44,18491,20110614,20110621,20110626,3578,1,3578
SO44915,BK-R93R-48,18461,20110614,20110621,20110626,3578,1,3578
SO44916,BK-R93R-44,18463,20110614,20110621,20110626,3578,1,3578
SO44917,BK-R93R-62,13842,20110615,20110622,20110627,3578,1,3578
SO44918,BK-M82B-44,29466,20110615,20110622,20110627,3375,1,3375
SO44919,BK-R93R-62,29017,20110615,20110622,20110627,3578,1,3578
SO44920,BK-R50B-44,14648,20110615,20110622,20110627,699,1,699
SO44921,BK-R93R-48,18489,20110615,20110622,20110627,3578,1,3578
SO44922,BK-R93R-56,18277,20110615,20110622,20110627,3578,1,3578
SO44923,BK-R93R-48,18336,20110615,20110622,20110627,3578,1,3578
SO44924,BK-R93R-62,28830,20110616,20110623,20110628,3578,1,3578
SO44925,BK-R93R-52,18493,20110616,20110623,20110628,3578,1,3578
SO44926,BK-R50R-48,25706,20110616,20110623,20110628,699,1,699
SO44927,BK-M82B-38,11448,20110616,20110623,20110628,3375,1,3375
SO44928,BK-R93R-56,14843,20110617,20110624,20110629,3578,1,3578
SO44929,BK-R93R-48,12398,20110617,20110624,20110629,3578,1,3578
SO44930,BK-R93R-48,29110,20110617,20110624,20110629,3578,1,3578
SO44931,BK-R93R-48,28849,20110617,20110624,20110629,3578,1,3578
SO44932,BK-R93R-48,18303,20110617,20110624,20110629,3578,1,3578
SO44933,BK-R93R-48,18276,20110617,20110624,20110629,3578,1,3578
SO44934,BK-R93R-48,14771,20110618,20110625,20110630,3578,1,3578
SO44935,BK-R93R-48,12333,20110618,20110625,20110630,3578,1,3578
SO44936,BK-R93R-48,29044,20110618,20110625,20110630,3578,1,3578
SO44937,BK-R93R-44,22251,20110618,20110625,20110630,3578,1,3578
SO44938,BK-R93R-56,28851,20110618,20110625,20110630,3578,1,3578
SO44939,BK-R93R-56,28993,20110618,20110625,20110630,3578,1,3578
SO44940,BK-R93R-44,18490,20110618,20110625,20110630,3578,1,3578
SO44941,BK-R93R-62,18697,20110618,20110625,20110630,3578,1,3578
SO44942,BK-R93R-62,18701,20110618,20110625,20110630,3578,1,3578
SO44943,BK-R50R-52,25568,20110618,20110625,20110630,699,1,699
SO44944,BK-R50B-58,25707,20110618,20110625,20110630,699,1,699
SO44945,BK-R50R-60,25710,20110618,20110625,20110630,699,1,699
SO44946,BK-M82B-42,11357,20110618,20110625,20110630,3375,1,3375
SO44947,BK-M82S-44,11446,20110618,20110625,20110630,3400,1,3400
SO44948,BK-R93R-48,12395,20110619,20110626,20110701,3578,1,3578
SO44949,BK-M82B-42,29474,20110619,20110626,20110701,3375,1,3375
SO44950,BK-R93R-52,28835,20110619,20110626,20110701,3578,1,3578
SO44951,BK-R93R-44,28843,20110619,20110626,20110701,3578,1,3578
SO44952,BK-M82B-42,25955,20110619,20110626,20110701,3375,1,3375
SO44953,BK-R93R-48,28859,20110619,20110626,20110701,3578,1,3578
SO44954,BK-R93R-62,28990,20110619,20110626,20110701,3578,1,3578
SO44955,BK-R50B-52,25709,20110619,20110626,20110701,699,1,699
SO44956,BK-M82B-48,11449,20110619,20110626,20110701,3375,1,3375
SO44957,BK-R93R-62,22247,20110620,20110627,20110702,3578,1,3578
SO44958,BK-R50B-58,20173,20110620,20110627,20110702,699,1,699
SO44959,BK-R93R-48,29019,20110620,20110627,20110702,3578,1,3578
SO44960,BK-R93R-56,22373,20110620,20110627,20110702,3578,1,3578
SO44961,BK-R93R-52,29060,20110620,20110627,20110702,3578,1,3578
SO44962,BK-R93R-62,28831,20110620,20110627,20110702,3578,1,3578
SO44963,BK-M82S-44,25974,20110620,20110627,20110702,3400,1,3400
SO44964,BK-R50B-60,14647,20110620,20110627,20110702,699,1,699
SO44965,BK-R50B-58,14649,20110620,20110627,20110702,699,1,699
SO44966,BK-R93R-56,18458,20110620,20110627,20110702,3578,1,3578
SO44967,BK-R93R-62,14794,20110621,20110628,20110703,3578,1,3578
SO44968,BK-R50B-52,19365,20110621,20110628,20110703,699,1,699
SO44969,BK-R93R-48,22713,20110621,20110628,20110703,3578,1,3578
SO44970,BK-R93R-48,28820,20110621,20110628,20110703,3578,1,3578
SO44971,BK-R93R-52,28989,20110621,20110628,20110703,3578,1,3578
SO44972,BK-R93R-44,29016,20110621,20110628,20110703,3578,1,3578
SO44973,BK-R93R-56,18482,20110621,20110628,20110703,3578,1,3578
SO44974,BK-R93R-48,14776,20110622,20110629,20110704,3578,1,3578
SO44975,BK-R93R-44,28823,20110622,20110629,20110704,3578,1,3578
SO44976,BK-R93R-44,28824,20110622,20110629,20110704,3578,1,3578
SO44977,BK-R93R-52,29010,20110622,20110629,20110704,3578,1,3578
SO44978,BK-R50R-60,14652,20110622,20110629,20110704,699,1,699
SO44979,BK-R93R-62,18469,20110622,20110629,20110704,3578,1,3578
SO44980,BK-R93R-62,18699,20110622,20110629,20110704,3578,1,3578
SO44981,BK-R93R-62,18462,20110622,20110629,20110704,3578,1,3578
SO44982,BK-R93R-48,29132,20110623,20110630,20110705,3578,1,3578
SO44983,BK-R93R-62,22252,20110623,20110630,20110705,3578,1,3578
SO44984,BK-R93R-56,29008,20110623,20110630,20110705,3578,1,3578
SO44985,BK-R93R-44,18692,20110623,20110630,20110705,3578,1,3578
SO44986,BK-R50R-48,25708,20110623,20110630,20110705,699,1,699
SO44987,BK-R93R-56,12323,20110624,20110701,20110706,3578,1,3578
SO44988,BK-R50B-44,17999,20110624,20110701,20110706,699,1,699
SO44989,BK-R93R-44,28854,20110624,20110701,20110706,3578,1,3578
SO44990,BK-R50B-44,14645,20110624,20110701,20110706,699,1,699
SO44991,BK-R93R-56,18698,20110624,20110701,20110706,3578,1,3578
SO44992,BK-R93R-44,18464,20110624,20110701,20110706,3578,1,3578
SO44993,BK-M82B-44,11368,20110624,20110701,20110706,3375,1,3375
SO44994,BK-R93R-44,28805,20110625,20110702,20110707,3578,1,3578
SO44995,BK-R93R-52,28841,20110625,20110702,20110707,3578,1,3578
SO44996,BK-M82B-42,25970,20110625,20110702,20110707,3375,1,3375
SO44997,BK-R93R-62,28870,20110625,20110702,20110707,3578,1,3578
SO44998,BK-R50B-48,14646,20110625,20110702,20110707,699,1,699
SO44999,BK-R93R-44,18485,20110625,20110702,20110707,3578,1,3578
SO45000,BK-R93R-48,18297,20110625,20110702,20110707,3578,1,3578
SO45001,BK-R93R-48,18302,20110625,20110702,20110707,3578,1,3578
SO45002,BK-R93R-48,13844,20110626,20110703,20110708,3578,1,3578
SO45003,BK-R93R-56,29059,20110626,20110703,20110708,3578,1,3578
SO45004,BK-R93R-56,29106,20110626,20110703,20110708,3578,1,3578
SO45005,BK-R93R-48,28844,20110626,20110703,20110708,3578,1,3578
SO45006,BK-R93R-48,12373,20110627,20110704,20110709,3578,1,3578
SO45007,BK-R93R-62,14137,20110627,20110704,20110709,3578,1,3578
SO45008,BK-R93R-52,14831,20110627,20110704,20110709,3578,1,3578
SO45009,BK-R50B-44,19387,20110627,20110704,20110709,699,1,699
SO45010,BK-R93R-52,28869,20110627,20110704,20110709,3578,1,3578
SO45011,BK-R93R-52,22268,20110627,20110704,20110709,3578,1,3578
SO45012,BK-R50B-52,14650,20110627,20110704,20110709,699,1,699
SO45013,BK-R93R-62,18483,20110627,20110704,20110709,3578,1,3578
SO45014,BK-R50R-60,25705,20110627,20110704,20110709,699,1,699
SO45015,BK-M82S-44,11360,20110627,20110704,20110709,3400,1,3400
SO45016,BK-R93R-62,14770,20110628,20110705,20110710,3578,1,3578
SO45017,BK-R93R-48,28826,20110628,20110705,20110710,3578,1,3578
SO45018,BK-R93R-52,18494,20110628,20110705,20110710,3578,1,3578
SO45019,BK-R93R-52,18691,20110628,20110705,20110710,3578,1,3578
SO45020,BK-R93R-44,18332,20110628,20110705,20110710,3578,1,3578
SO45021,BK-M82B-38,11358,20110628,20110705,20110710,3375,1,3375
SO45022,BK-M82B-44,11447,20110628,20110705,20110710,3375,1,3375
SO45023,BK-R93R-62,13807,20110628,20110705,20110710,3578,1,3578
SO45024,BK-M82S-38,29475,20110629,20110706,20110711,3400,1,3400
SO45025,BK-R93R-44,29070,20110629,20110706,20110711,3578,1,3578
SO45026,BK-M82S-38,25962,20110629,20110706,20110711,3400,1,3400
SO45027,BK-R93R-56,28871,20110629,20110706,20110711,3578,1,3578
SO45028,BK-R93R-56,18702,20110629,20110706,20110711,3578,1,3578
SO45029,BK-R93R-44,18331,20110629,20110706,20110711,3578,1,3578
SO45030,BK-M82B-38,11450,20110629,20110706,20110711,3375,1,3375
SO45031,BK-R93R-52,14792,20110630,20110707,20110712,3578,1,3578
SO45032,BK-R93R-44,14139,20110630,20110707,20110712,3578,1,3578
SO45033,BK-R93R-48,29138,20110630,20110707,20110712,3578,1,3578
SO45034,BK-R93R-62,28822,20110630,20110707,20110712,3578,1,3578
SO45035,BK-R93R-62,28839,20110630,20110707,20110712,3578,1,3578
SO45036,BK-R93R-44,28846,20110630,20110707,20110712,3578,1,3578
SO45037,BK-R50B-58,25704,20110630,20110707,20110712,699,1,699
SO45078,BK-R93R-52,12494,20110701,20110708,20110713,3578,1,3578
SO45079,BK-R93R-48,29255,20110701,20110708,20110713,3578,1,3578
SO45080,BK-R50B-58,14657,20110701,20110708,20110713,699,1,699
SO45081,BK-R50B-44,26782,20110701,20110708,20110713,699,1,699
SO45082,BK-M82B-44,11455,20110701,20110708,20110713,3375,1,3375
SO45083,BK-R93R-48,14947,20110702,20110709,20110714,3578,1,3578
SO45084,BK-R93R-62,29143,20110702,20110709,20110714,3578,1,3578
SO45085,BK-R93R-48,18746,20110702,20110709,20110714,3578,1,3578
SO45086,BK-R93R-56,18747,20110702,20110709,20110714,3578,1,3578
SO45087,BK-M82B-44,11388,20110703,20110710,20110715,3375,1,3375
SO45088,BK-M82S-42,11398,20110703,20110710,20110715,3400,1,3400
SO45089,BK-M82B-48,25977,20110703,20110710,20110715,3375,1,3375
SO45090,BK-R93R-62,29170,20110703,20110710,20110715,3578,1,3578
SO45091,BK-R93R-56,18909,20110703,20110710,20110715,3578,1,3578
SO45092,BK-R93R-52,18899,20110703,20110710,20110715,3578,1,3578
SO45093,BK-R93R-48,18906,20110703,20110710,20110715,3578,1,3578
SO45094,BK-R93R-62,22785,20110703,20110710,20110715,3578,1,3578
SO45095,BK-M82S-38,11394,20110704,20110711,20110716,3400,1,3400
SO45096,BK-R93R-48,12483,20110704,20110711,20110716,3578,1,3578
SO45097,BK-R93R-52,29151,20110704,20110711,20110716,3578,1,3578
SO45098,BK-R93R-62,29167,20110704,20110711,20110716,3578,1,3578
SO45099,BK-R93R-48,29174,20110704,20110711,20110716,3578,1,3578
SO45100,BK-R50R-44,19428,20110705,20110712,20110717,699,1,699
SO45101,BK-R93R-52,22748,20110705,20110712,20110717,3578,1,3578
SO45102,BK-R93R-62,29274,20110705,20110712,20110717,3578,1,3578
SO45103,BK-R93R-62,29140,20110706,20110713,20110718,3578,1,3578
SO45104,BK-R93R-62,29142,20110706,20110713,20110718,3578,1,3578
SO45105,BK-R93R-48,22765,20110706,20110713,20110718,3578,1,3578
SO45106,BK-M82B-38,19987,20110706,20110713,20110718,3375,1,3375
SO45107,BK-R93R-48,29275,20110706,20110713,20110718,3578,1,3578
SO45108,BK-R93R-62,22975,20110706,20110713,20110718,3578,1,3578
SO45109,BK-R93R-44,14937,20110707,20110714,20110719,3578,1,3578
SO45110,BK-R93R-44,18710,20110707,20110714,20110719,3578,1,3578
SO45111,BK-R50R-44,25713,20110707,20110714,20110719,699,1,699
SO45112,BK-R50R-62,20558,20110707,20110714,20110719,699,1,699
SO45113,BK-R93R-52,29141,20110708,20110715,20110720,3578,1,3578
SO45114,BK-R93R-62,29146,20110708,20110715,20110720,3578,1,3578
SO45115,BK-M82B-38,25984,20110708,20110715,20110720,3375,1,3375
SO45116,BK-R93R-44,29204,20110708,20110715,20110720,3578,1,3578
SO45117,BK-R50B-52,14727,20110708,20110715,20110720,699,1,699
SO45118,BK-R93R-56,18722,20110708,20110715,20110720,3578,1,3578
SO45119,BK-R93R-56,18740,20110708,20110715,20110720,3578,1,3578
SO45120,BK-M82S-38,11751,20110708,20110715,20110720,3400,1,3400
SO45121,BK-R93R-62,29169,20110709,20110716,20110721,3578,1,3578
SO45122,BK-R93R-56,29236,20110709,20110716,20110721,3578,1,3578
SO45123,BK-R93R-44,22971,20110709,20110716,20110721,3578,1,3578
SO45124,BK-R93R-52,18725,20110709,20110716,20110721,3578,1,3578
SO45125,BK-R93R-48,18708,20110709,20110716,20110721,3578,1,3578
SO45126,BK-R93R-44,12480,20110710,20110717,20110722,3578,1,3578
SO45127,BK-R93R-52,29158,20110710,20110717,20110722,3578,1,3578
SO45128,BK-R93R-62,18726,20110710,20110717,20110722,3578,1,3578
SO45129,BK-M82B-44,11759,20110710,20110717,20110722,3375,1,3375
SO45130,BK-R93R-52,14975,20110711,20110718,20110723,3578,1,3578
SO45131,BK-M82S-38,25979,20110711,20110718,20110723,3400,1,3400
SO45132,BK-M82B-44,25985,20110711,20110718,20110723,3375,1,3375
SO45133,BK-R93R-56,29163,20110711,20110718,20110723,3578,1,3578
SO45134,BK-R93R-56,22895,20110711,20110718,20110723,3578,1,3578
SO45135,BK-R93R-62,29264,20110711,20110718,20110723,3578,1,3578
SO45136,BK-R93R-48,19084,20110711,20110718,20110723,3578,1,3578
SO45137,BK-R93R-62,18735,20110711,20110718,20110723,3578,1,3578
SO45138,BK-M82B-42,11452,20110711,20110718,20110723,3375,1,3375
SO45139,BK-R93R-56,12468,20110712,20110719,20110724,3578,1,3578
SO45140,BK-R93R-48,12485,20110712,20110719,20110724,3578,1,3578
SO45141,BK-R93R-48,29222,20110712,20110719,20110724,3578,1,3578
SO45142,BK-R93R-44,22901,20110712,20110719,20110724,3578,1,3578
SO45143,BK-R93R-62,29278,20110712,20110719,20110724,3578,1,3578
SO45144,BK-R93R-44,19093,20110712,20110719,20110724,3578,1,3578
SO45145,BK-R93R-56,18716,20110712,20110719,20110724,3578,1,3578
SO45146,BK-R93R-62,14950,20110713,20110720,20110725,3578,1,3578
SO45147,BK-R93R-48,29166,20110713,20110720,20110725,3578,1,3578
SO45148,BK-R50B-52,14656,20110713,20110720,20110725,699,1,699
SO45149,BK-R93R-56,14941,20110714,20110721,20110726,3578,1,3578
SO45150,BK-M82S-44,25980,20110714,20110721,20110726,3400,1,3400
SO45151,BK-R93R-56,29202,20110714,20110721,20110726,3578,1,3578
SO45152,BK-R93R-62,29276,20110714,20110721,20110726,3578,1,3578
SO45153,BK-R93R-62,19089,20110714,20110721,20110726,3578,1,3578
SO45154,BK-R93R-52,18767,20110714,20110721,20110726,3578,1,3578
SO45155,BK-R93R-48,18900,20110714,20110721,20110726,3578,1,3578
SO45156,BK-M82S-38,11465,20110714,20110721,20110726,3400,1,3400
SO45157,BK-M82S-38,11750,20110714,20110721,20110726,3400,1,3400
SO45158,BK-M82S-38,28419,20110715,20110722,20110727,3400,1,3400
SO45159,BK-M82B-42,11400,20110715,20110722,20110727,3375,1,3375
SO45160,BK-R93R-62,14984,20110715,20110722,20110727,3578,1,3578
SO45161,BK-M82B-42,25978,20110715,20110722,20110727,3375,1,3375
SO45162,BK-R93R-48,18721,20110715,20110722,20110727,3578,1,3578
SO45163,BK-R50R-48,25714,20110715,20110722,20110727,699,1,699
SO45164,BK-M82B-42,11453,20110715,20110722,20110727,3375,1,3375
SO45165,BK-R93R-52,22881,20110716,20110723,20110728,3578,1,3578
SO45166,BK-R93R-48,19083,20110716,20110723,20110728,3578,1,3578
SO45167,BK-R93R-44,18706,20110716,20110723,20110728,3578,1,3578
SO45168,BK-R93R-48,18738,20110716,20110723,20110728,3578,1,3578
SO45169,BK-R93R-56,18766,20110716,20110723,20110728,3578,1,3578
SO45170,BK-M82B-48,11462,20110716,20110723,20110728,3375,1,3375
SO45171,BK-M82S-42,11754,20110716,20110723,20110728,3400,1,3400
SO45172,BK-R50B-60,18008,20110717,20110724,20110729,699,1,699
SO45173,BK-R93R-56,29157,20110717,20110724,20110729,3578,1,3578
SO45174,BK-R93R-52,29198,20110717,20110724,20110729,3578,1,3578
SO45175,BK-R93R-52,29238,20110717,20110724,20110729,3578,1,3578
SO45176,BK-R93R-52,29254,20110717,20110724,20110729,3578,1,3578
SO45177,BK-R93R-56,18903,20110717,20110724,20110729,3578,1,3578
SO45178,BK-M82S-48,11456,20110717,20110724,20110729,3400,1,3400
SO45179,BK-M82B-48,11457,20110717,20110724,20110729,3375,1,3375
SO45180,BK-R93R-44,15046,20110718,20110725,20110730,3578,1,3578
SO45181,BK-R93R-62,14929,20110718,20110725,20110730,3578,1,3578
SO45182,BK-R93R-48,18769,20110718,20110725,20110730,3578,1,3578
SO45183,BK-R50B-60,25711,20110718,20110725,20110730,699,1,699
SO45184,BK-R50R-58,25717,20110718,20110725,20110730,699,1,699
SO45185,BK-R93R-62,14949,20110718,20110725,20110730,3578,1,3578
SO45186,BK-R93R-52,14991,20110719,20110726,20110731,3578,1,3578
SO45187,BK-R93R-62,15047,20110719,20110726,20110731,3578,1,3578
SO45188,BK-R93R-44,14861,20110719,20110726,20110731,3578,1,3578
SO45189,BK-R93R-62,29145,20110719,20110726,20110731,3578,1,3578
SO45190,BK-R93R-52,18931,20110719,20110726,20110731,3578,1,3578
SO45191,BK-R50R-48,14660,20110719,20110726,20110731,699,1,699
SO45192,BK-R93R-56,14846,20110720,20110727,20110801,3578,1,3578
SO45193,BK-R93R-62,22889,20110720,20110727,20110801,3578,1,3578
SO45194,BK-R93R-52,29221,20110720,20110727,20110801,3578,1,3578
SO45195,BK-R93R-52,18929,20110720,20110727,20110801,3578,1,3578
SO45196,BK-R93R-44,18739,20110720,20110727,20110801,3578,1,3578
SO45197,BK-R93R-56,18902,20110720,20110727,20110801,3578,1,3578
SO45198,BK-R93R-52,14847,20110721,20110728,20110802,3578,1,3578
SO45199,BK-M82S-44,29476,20110721,20110728,20110802,3400,1,3400
SO45200,BK-R93R-44,29148,20110721,20110728,20110802,3578,1,3578
SO45201,BK-R93R-48,29168,20110721,20110728,20110802,3578,1,3578
SO45202,BK-R93R-56,19094,20110721,20110728,20110802,3578,1,3578
SO45203,BK-R93R-56,18907,20110721,20110728,20110802,3578,1,3578
SO45204,BK-M82S-42,11460,20110721,20110728,20110802,3400,1,3400
SO45205,BK-M82S-38,28420,20110722,20110729,20110803,3400,1,3400
SO45206,BK-R93R-52,12474,20110722,20110729,20110803,3578,1,3578
SO45207,BK-R93R-48,29156,20110722,20110729,20110803,3578,1,3578
SO45208,BK-M82S-38,19884,20110722,20110729,20110803,3400,1,3400
SO45209,BK-R93R-56,29201,20110722,20110729,20110803,3578,1,3578
SO45210,BK-R93R-44,29239,20110722,20110729,20110803,3578,1,3578
SO45211,BK-R93R-44,18724,20110722,20110729,20110803,3578,1,3578
SO45212,BK-R93R-56,18729,20110722,20110729,20110803,3578,1,3578
SO45213,BK-M82B-42,11464,20110722,20110729,20110803,3375,1,3375
SO45214,BK-R93R-62,12464,20110723,20110730,20110804,3578,1,3578
SO45215,BK-R93R-48,29208,20110723,20110730,20110804,3578,1,3578
SO45216,BK-R93R-52,29261,20110723,20110730,20110804,3578,1,3578
SO45217,BK-R93R-56,29144,20110724,20110731,20110805,3578,1,3578
SO45218,BK-M82S-42,25982,20110724,20110731,20110805,3400,1,3400
SO45219,BK-R93R-52,22893,20110724,20110731,20110805,3578,1,3578
SO45220,BK-R93R-48,29207,20110724,20110731,20110805,3578,1,3578
SO45221,BK-R93R-56,22903,20110724,20110731,20110805,3578,1,3578
SO45222,BK-R50R-52,14728,20110724,20110731,20110805,699,1,699
SO45223,BK-R93R-48,18930,20110724,20110731,20110805,3578,1,3578
SO45224,BK-R93R-44,18723,20110724,20110731,20110805,3578,1,3578
SO45225,BK-R50B-44,14653,20110725,20110801,20110806,699,1,699
SO45226,BK-R50B-52,14662,20110725,20110801,20110806,699,1,699
SO45227,BK-R50R-60,14726,20110725,20110801,20110806,699,1,699
SO45228,BK-R93R-56,18768,20110725,20110801,20110806,3578,1,3578
SO45229,BK-M82B-42,11387,20110726,20110802,20110807,3375,1,3375
SO45230,BK-R93R-52,29242,20110726,20110802,20110807,3578,1,3578
SO45231,BK-R93R-56,18908,20110726,20110802,20110807,3578,1,3578
SO45232,BK-R93R-62,18736,20110726,20110802,20110807,3578,1,3578
SO45233,BK-M82S-38,11472,20110726,20110802,20110807,3400,1,3400
SO45234,BK-R50R-48,18009,20110727,20110803,20110808,699,1,699
SO45235,BK-R93R-56,29147,20110727,20110803,20110808,3578,1,3578
SO45236,BK-R93R-48,18731,20110727,20110803,20110808,3578,1,3578
SO45237,BK-R93R-56,18737,20110727,20110803,20110808,3578,1,3578
SO45238,BK-M82S-44,11459,20110727,20110803,20110808,3400,1,3400
SO45239,BK-R50R-48,19420,20110728,20110804,20110809,699,1,699
SO45240,BK-R93R-62,29155,20110728,20110804,20110809,3578,1,3578
SO45241,BK-R93R-44,29203,20110728,20110804,20110809,3578,1,3578
SO45242,BK-R93R-44,29223,20110728,20110804,20110809,3578,1,3578
SO45243,BK-R50B-60,25715,20110728,20110804,20110809,699,1,699
SO45244,BK-M82B-44,11756,20110728,20110804,20110809,3375,1,3375
SO45245,BK-R93R-62,18928,20110729,20110805,20110810,3578,1,3578
SO45246,BK-R93R-62,18709,20110729,20110805,20110810,3578,1,3578
SO45247,BK-R50B-60,25716,20110729,20110805,20110810,699,1,699
SO45248,BK-M82S-38,11451,20110729,20110805,20110810,3400,1,3400
SO45249,BK-R93R-62,14928,20110730,20110806,20110811,3578,1,3578
SO45250,BK-R93R-62,14147,20110730,20110806,20110811,3578,1,3578
SO45251,BK-R50B-60,19422,20110730,20110806,20110811,699,1,699
SO45252,BK-R93R-48,22877,20110730,20110806,20110811,3578,1,3578
SO45253,BK-R93R-56,29237,20110730,20110806,20110811,3578,1,3578
SO45254,BK-R93R-56,29252,20110730,20110806,20110811,3578,1,3578
SO45255,BK-R93R-56,29258,20110730,20110806,20110811,3578,1,3578
SO45256,BK-R50B-62,14664,20110730,20110806,20110811,699,1,699
SO45257,BK-R93R-56,18718,20110730,20110806,20110811,3578,1,3578
SO45258,BK-R50B-48,25712,20110730,20110806,20110811,699,1,699
SO45259,BK-R93R-56,29225,20110731,20110807,20110812,3578,1,3578
SO45260,BK-R93R-62,29150,20110731,20110807,20110812,3578,1,3578
SO45261,BK-R93R-48,29175,20110731,20110807,20110812,3578,1,3578
SO45262,BK-R93R-52,29265,20110731,20110807,20110812,3578,1,3578
SO45263,BK-R50B-48,14722,20110731,20110807,20110812,699,1,699
SO45264,BK-M82B-42,11454,20110731,20110807,20110812,3375,1,3375
SO45265,BK-M82B-44,11461,20110731,20110807,20110812,3375,1,3375
SO45345,BK-R93R-52,15048,20110801,20110808,20110813,3578,1,3578
SO45346,BK-R93R-48,28648,20110801,20110808,20110813,3578,1,3578
SO45347,BK-R50B-52,14733,20110801,20110808,20110813,699,1,699
SO45348,BK-R93R-44,19562,20110801,20110808,20110813,3578,1,3578
SO45349,BK-R93R-48,19568,20110801,20110808,20110813,3578,1,3578
SO45350,BK-R93R-44,19613,20110801,20110808,20110813,3578,1,3578
SO45351,BK-R93R-52,12520,20110802,20110809,20110814,3578,1,3578
SO45352,BK-R93R-52,15081,20110802,20110809,20110814,3578,1,3578
SO45353,BK-R93R-62,28630,20110802,20110809,20110814,3578,1,3578
SO45354,BK-R50B-48,19432,20110802,20110809,20110814,699,1,699
SO45355,BK-R93R-48,28778,20110802,20110809,20110814,3578,1,3578
SO45356,BK-R93R-52,19096,20110802,20110809,20110814,3578,1,3578
SO45357,BK-M82B-48,28443,20110803,20110810,20110815,3375,1,3375
SO45358,BK-R93R-48,23172,20110803,20110810,20110815,3578,1,3578
SO45359,BK-R93R-52,11227,20110803,20110810,20110815,3578,1,3578
SO45360,BK-R93R-52,28036,20110803,20110810,20110815,3578,1,3578
SO45361,BK-R93R-48,23057,20110803,20110810,20110815,3578,1,3578
SO45362,BK-R93R-52,19271,20110803,20110810,20110815,3578,1,3578
SO45363,BK-R93R-48,19565,20110803,20110810,20110815,3578,1,3578
SO45364,BK-R93R-44,14161,20110804,20110811,20110816,3578,1,3578
SO45365,BK-R93R-52,15078,20110804,20110811,20110816,3578,1,3578
SO45366,BK-R50R-52,18011,20110804,20110811,20110816,699,1,699
SO45367,BK-R50R-48,20561,20110804,20110811,20110816,699,1,699
SO45368,BK-R50R-48,14732,20110804,20110811,20110816,699,1,699
SO45369,BK-R93R-56,19269,20110804,20110811,20110816,3578,1,3578
SO45370,BK-R93R-48,19270,20110804,20110811,20110816,3578,1,3578
SO45371,BK-R93R-62,15062,20110805,20110812,20110817,3578,1,3578
SO45372,BK-M82B-38,28449,20110805,20110812,20110817,3375,1,3375
SO45373,BK-M82B-42,25994,20110805,20110812,20110817,3375,1,3375
SO45374,BK-R93R-48,22996,20110805,20110812,20110817,3578,1,3578
SO45375,BK-R93R-52,19596,20110805,20110812,20110817,3578,1,3578
SO45376,BK-M82S-38,11761,20110805,20110812,20110817,3400,1,3400
SO45377,BK-R93R-52,15077,20110806,20110813,20110818,3578,1,3578
SO45378,BK-R93R-62,28178,20110806,20110813,20110818,3578,1,3578
SO45379,BK-R93R-52,28363,20110806,20110813,20110818,3578,1,3578
SO45380,BK-R50R-62,18010,20110806,20110813,20110818,699,1,699
SO45381,BK-M82S-38,19988,20110806,20110813,20110818,3400,1,3400
SO45382,BK-R93R-52,11129,20110806,20110813,20110818,3578,1,3578
SO45383,BK-R50B-58,14734,20110806,20110813,20110818,699,1,699
SO45384,BK-R50B-44,26789,20110806,20110813,20110818,699,1,699
SO45385,BK-R50B-60,14735,20110806,20110813,20110818,699,1,699
SO45386,BK-R93R-48,19607,20110806,20110813,20110818,3578,1,3578
SO45387,BK-R93R-62,11224,20110807,20110814,20110819,3578,1,3578
SO45388,BK-M82B-44,25986,20110807,20110814,20110819,3375,1,3375
SO45389,BK-R93R-62,11090,20110807,20110814,20110819,3578,1,3578
SO45390,BK-R93R-62,19560,20110807,20110814,20110819,3578,1,3578
SO45391,BK-R93R-52,19588,20110807,20110814,20110819,3578,1,3578
SO45392,BK-M82S-38,11762,20110807,20110814,20110819,3400,1,3400
SO45393,BK-R93R-48,14171,20110808,20110815,20110820,3578,1,3578
SO45394,BK-M82B-38,11468,20110808,20110815,20110820,3375,1,3375
SO45395,BK-R93R-52,29352,20110808,20110815,20110820,3578,1,3578
SO45396,BK-R93R-48,19594,20110808,20110815,20110820,3578,1,3578
SO45397,BK-R93R-52,15051,20110809,20110816,20110821,3578,1,3578
SO45398,BK-R93R-48,15059,20110809,20110816,20110821,3578,1,3578
SO45399,BK-R93R-44,19598,20110809,20110816,20110821,3578,1,3578
SO45400,BK-R93R-52,14162,20110810,20110817,20110822,3578,1,3578
SO45401,BK-R93R-62,15058,20110810,20110817,20110822,3578,1,3578
SO45402,BK-M82S-38,11413,20110810,20110817,20110822,3400,1,3400
SO45403,BK-R93R-56,23114,20110810,20110817,20110822,3578,1,3578
SO45404,BK-R93R-62,11217,20110810,20110817,20110822,3578,1,3578
SO45405,BK-R93R-48,23209,20110810,20110817,20110822,3578,1,3578
SO45406,BK-M82B-48,25987,20110810,20110817,20110822,3375,1,3375
SO45407,BK-R93R-56,29285,20110810,20110817,20110822,3578,1,3578
SO45408,BK-R93R-56,29326,20110810,20110817,20110822,3578,1,3578
SO45409,BK-R93R-48,19612,20110810,20110817,20110822,3578,1,3578
SO45410,BK-R93R-62,14149,20110811,20110818,20110823,3578,1,3578
SO45411,BK-R93R-52,28197,20110811,20110818,20110823,3578,1,3578
SO45412,BK-R93R-62,23137,20110811,20110818,20110823,3578,1,3578
SO45413,BK-R93R-48,11191,20110811,20110818,20110823,3578,1,3578
SO45414,BK-R50R-52,18038,20110811,20110818,20110823,699,1,699
SO45415,BK-R93R-48,28092,20110811,20110818,20110823,3578,1,3578
SO45416,BK-R93R-62,28161,20110811,20110818,20110823,3578,1,3578
SO45417,BK-R93R-62,28620,20110811,20110818,20110823,3578,1,3578
SO45418,BK-R93R-44,19264,20110811,20110818,20110823,3578,1,3578
SO45419,BK-R93R-56,19555,20110811,20110818,20110823,3578,1,3578
SO45420,BK-R93R-52,19561,20110811,20110818,20110823,3578,1,3578
SO45421,BK-R93R-52,19576,20110811,20110818,20110823,3578,1,3578
SO45422,BK-R93R-62,28198,20110812,20110819,20110824,3578,1,3578
SO45423,BK-M82B-38,19997,20110812,20110819,20110824,3375,1,3375
SO45424,BK-R93R-44,28165,20110812,20110819,20110824,3578,1,3578
SO45425,BK-R93R-62,15056,20110813,20110820,20110825,3578,1,3578
SO45426,BK-R93R-48,14164,20110813,20110820,20110825,3578,1,3578
SO45427,BK-M82B-42,29481,20110813,20110820,20110825,3375,1,3375
SO45428,BK-M82S-44,11414,20110813,20110820,20110825,3400,1,3400
SO45429,BK-R93R-62,28129,20110813,20110820,20110825,3578,1,3578
SO45430,BK-R93R-48,28176,20110813,20110820,20110825,3578,1,3578
SO45431,BK-R93R-44,28013,20110813,20110820,20110825,3578,1,3578
SO45432,BK-R93R-48,14167,20110814,20110821,20110826,3578,1,3578
SO45433,BK-R93R-62,12547,20110814,20110821,20110826,3578,1,3578
SO45434,BK-R93R-44,11252,20110814,20110821,20110826,3578,1,3578
SO45435,BK-R50B-62,20562,20110814,20110821,20110826,699,1,699
SO45436,BK-R93R-48,28130,20110814,20110821,20110826,3578,1,3578
SO45437,BK-R93R-48,28169,20110814,20110821,20110826,3578,1,3578
SO45438,BK-R93R-62,29334,20110814,20110821,20110826,3578,1,3578
SO45439,BK-R50R-44,25823,20110814,20110821,20110826,699,1,699
SO45440,BK-R93R-48,14198,20110815,20110822,20110827,3578,1,3578
SO45441,BK-R93R-48,11216,20110815,20110822,20110827,3578,1,3578
SO45442,BK-R93R-56,29335,20110815,20110822,20110827,3578,1,3578
SO45443,BK-R93R-52,29350,20110815,20110822,20110827,3578,1,3578
SO45444,BK-R93R-62,19102,20110815,20110822,20110827,3578,1,3578
SO45445,BK-R93R-62,19105,20110815,20110822,20110827,3578,1,3578
SO45446,BK-M82S-42,25990,20110816,20110823,20110828,3400,1,3400
SO45447,BK-R93R-52,19558,20110816,20110823,20110828,3578,1,3578
SO45448,BK-R50R-62,25718,20110816,20110823,20110828,699,1,699
SO45449,BK-R93R-62,14189,20110817,20110824,20110829,3578,1,3578
SO45450,BK-R93R-48,28624,20110817,20110824,20110829,3578,1,3578
SO45451,BK-R93R-44,29279,20110817,20110824,20110829,3578,1,3578
SO45452,BK-R93R-56,19559,20110817,20110824,20110829,3578,1,3578
SO45453,BK-R93R-44,12549,20110818,20110825,20110830,3578,1,3578
SO45454,BK-R93R-48,23074,20110818,20110825,20110830,3578,1,3578
SO45455,BK-R93R-62,14163,20110819,20110826,20110831,3578,1,3578
SO45456,BK-R93R-48,23113,20110819,20110826,20110831,3578,1,3578
SO45457,BK-R93R-52,27752,20110819,20110826,20110831,3578,1,3578
SO45458,BK-R93R-44,19599,20110819,20110826,20110831,3578,1,3578
SO45459,BK-R93R-62,19605,20110819,20110826,20110831,3578,1,3578
SO45460,BK-R50B-60,25822,20110819,20110826,20110831,699,1,699
SO45461,BK-R93R-44,28646,20110820,20110827,20110901,3578,1,3578
SO45462,BK-R93R-62,28647,20110820,20110827,20110901,3578,1,3578
SO45463,BK-R93R-48,11171,20110820,20110827,20110901,3578,1,3578
SO45464,BK-R93R-56,19586,20110820,20110827,20110901,3578,1,3578
SO45465,BK-R50B-52,25819,20110820,20110827,20110901,699,1,699
SO45466,BK-R93R-44,19611,20110821,20110828,20110902,3578,1,3578
SO45467,BK-M82S-42,11422,20110822,20110829,20110903,3400,1,3400
SO45468,BK-R93R-44,23164,20110822,20110829,20110903,3578,1,3578
SO45469,BK-M82B-44,19989,20110822,20110829,20110903,3375,1,3375
SO45470,BK-R93R-48,28177,20110822,20110829,20110903,3578,1,3578
SO45471,BK-R93R-52,29280,20110822,20110829,20110903,3578,1,3578
SO45472,BK-R93R-52,19095,20110822,20110829,20110903,3578,1,3578
SO45473,BK-R93R-62,19592,20110822,20110829,20110903,3578,1,3578
SO45474,BK-R93R-62,19595,20110822,20110829,20110903,3578,1,3578
SO45475,BK-R93R-52,19601,20110822,20110829,20110903,3578,1,3578
SO45476,BK-R93R-56,19614,20110822,20110829,20110903,3578,1,3578
SO45477,BK-R93R-52,14160,20110823,20110830,20110904,3578,1,3578
SO45478,BK-R93R-52,29354,20110823,20110830,20110904,3578,1,3578
SO45479,BK-R93R-52,19099,20110823,20110830,20110904,3578,1,3578
SO45480,BK-R93R-52,19564,20110823,20110830,20110904,3578,1,3578
SO45481,BK-R93R-52,19563,20110823,20110830,20110904,3578,1,3578
SO45482,BK-R93R-62,12522,20110824,20110831,20110905,3578,1,3578
SO45483,BK-R93R-56,14181,20110824,20110831,20110905,3578,1,3578
SO45484,BK-R93R-52,23267,20110824,20110831,20110905,3578,1,3578
SO45485,BK-R93R-48,11257,20110824,20110831,20110905,3578,1,3578
SO45486,BK-R50R-62,14737,20110824,20110831,20110905,699,1,699
SO45487,BK-R93R-52,19556,20110824,20110831,20110905,3578,1,3578
SO45488,BK-R93R-44,19577,20110824,20110831,20110905,3578,1,3578
SO45489,BK-R93R-62,19602,20110824,20110831,20110905,3578,1,3578
SO45490,BK-R93R-52,22976,20110824,20110831,20110905,3578,1,3578
SO45491,BK-R93R-44,27672,20110825,20110901,20110906,3578,1,3578
SO45492,BK-R50R-52,19429,20110825,20110901,20110906,699,1,699
SO45493,BK-R50R-58,14731,20110825,20110901,20110906,699,1,699
SO45494,BK-R93R-62,19609,20110825,20110901,20110906,3578,1,3578
SO45495,BK-R50B-52,25821,20110825,20110901,20110906,699,1,699
SO45496,BK-R93R-56,29340,20110826,20110902,20110907,3578,1,3578
SO45497,BK-R93R-44,28354,20110826,20110902,20110907,3578,1,3578
SO45498,BK-R93R-48,28574,20110826,20110902,20110907,3578,1,3578
SO45499,BK-R93R-56,28626,20110826,20110902,20110907,3578,1,3578
SO45500,BK-R93R-48,11189,20110826,20110902,20110907,3578,1,3578
SO45501,BK-M82B-44,25993,20110826,20110902,20110907,3375,1,3375
SO45502,BK-R93R-56,28173,20110826,20110902,20110907,3578,1,3578
SO45503,BK-R93R-56,22995,20110826,20110902,20110907,3578,1,3578
SO45504,BK-R50B-48,14730,20110826,20110902,20110907,699,1,699
SO45505,BK-R93R-52,19593,20110826,20110902,20110907,3578,1,3578
SO45506,BK-R93R-44,19615,20110826,20110902,20110907,3578,1,3578
SO45507,BK-R93R-56,19616,20110826,20110902,20110907,3578,1,3578
SO45508,BK-R93R-62,12510,20110827,20110903,20110908,3578,1,3578
SO45509,BK-R93R-62,14148,20110827,20110903,20110908,3578,1,3578
SO45510,BK-R93R-62,22998,20110827,20110903,20110908,3578,1,3578
SO45511,BK-R93R-44,12523,20110828,20110904,20110909,3578,1,3578
SO45512,BK-R93R-48,11175,20110828,20110904,20110909,3578,1,3578
SO45513,BK-M82B-38,25996,20110828,20110904,20110909,3375,1,3375
SO45514,BK-R93R-56,28051,20110828,20110904,20110909,3578,1,3578
SO45515,BK-R93R-62,19557,20110828,20110904,20110909,3578,1,3578
SO45580,BK-R93R-62,14428,20110829,20110905,20110910,3578,1,3578
SO45581,BK-R93R-52,11263,20110829,20110905,20110910,3578,1,3578
SO45582,BK-R93R-48,28656,20110829,20110905,20110910,3578,1,3578
SO45583,BK-R93R-44,11274,20110829,20110905,20110910,3578,1,3578
SO45584,BK-R50B-62,25828,20110829,20110905,20110910,699,1,699
SO45585,BK-M82B-48,11905,20110829,20110905,20110910,3375,1,3375
SO45586,BK-R93R-44,12613,20110830,20110906,20110911,3578,1,3578
SO45587,BK-R93R-62,11531,20110830,20110906,20110911,3578,1,3578
SO45588,BK-R93R-52,11275,20110830,20110906,20110911,3578,1,3578
SO45589,BK-R93R-56,19784,20110830,20110906,20110911,3578,1,3578
SO45590,BK-R93R-44,19763,20110830,20110906,20110911,3578,1,3578
SO45591,BK-R50R-44,25831,20110830,20110906,20110911,699,1,699
SO45592,BK-M82S-42,11897,20110830,20110906,20110911,3400,1,3400
SO45593,BK-R93R-62,15118,20110831,20110907,20110912,3578,1,3578
SO45594,BK-R93R-48,11282,20110831,20110907,20110912,3578,1,3578
SO45595,BK-R93R-56,11515,20110831,20110907,20110912,3578,1,3578
SO45596,BK-R50B-58,20564,20110831,20110907,20110912,699,1,699
SO45597,BK-R50R-48,14740,20110831,20110907,20110912,699,1,699
SO45598,BK-R50B-48,14744,20110831,20110907,20110912,699,1,699
SO45599,BK-R93R-48,19794,20110831,20110907,20110912,3578,1,3578
SO45600,BK-R93R-52,19628,20110831,20110907,20110912,3578,1,3578
SO45601,BK-M82B-38,11893,20110831,20110907,20110912,3375,1,3375
SO45602,BK-R93R-48,12607,20110901,20110908,20110913,3578,1,3578
SO45603,BK-R93R-48,11296,20110901,20110908,20110913,3578,1,3578
SO45604,BK-R93R-56,11317,20110901,20110908,20110913,3578,1,3578
SO45605,BK-R93R-44,11626,20110901,20110908,20110913,3578,1,3578
SO45606,BK-R93R-48,19967,20110901,20110908,20110913,3578,1,3578
SO45607,BK-R50R-52,25830,20110901,20110908,20110913,699,1,699
SO45608,BK-M82B-42,11896,20110901,20110908,20110913,3375,1,3375
SO45609,BK-R93R-44,14774,20110901,20110908,20110913,3578,1,3578
SO45610,BK-R93R-62,11303,20110902,20110909,20110914,3578,1,3578
SO45611,BK-R93R-62,11535,20110902,20110909,20110914,3578,1,3578
SO45612,BK-R93R-48,14795,20110902,20110909,20110914,3578,1,3578
SO45613,BK-R93R-56,11522,20110903,20110910,20110915,3578,1,3578
SO45614,BK-R93R-48,23385,20110903,20110910,20110915,3578,1,3578
SO45615,BK-R50B-52,18137,20110903,20110910,20110915,699,1,699
SO45616,BK-R93R-56,14800,20110903,20110910,20110915,3578,1,3578
SO45617,BK-R93R-44,15354,20110903,20110910,20110915,3578,1,3578
SO45618,BK-R93R-44,12618,20110903,20110910,20110915,3578,1,3578
SO45619,BK-R93R-44,19787,20110903,20110910,20110915,3578,1,3578
SO45620,BK-R93R-56,19951,20110903,20110910,20110915,3578,1,3578
SO45621,BK-M82S-44,11768,20110903,20110910,20110915,3400,1,3400
SO45622,BK-M82S-38,28470,20110904,20110911,20110916,3400,1,3400
SO45623,BK-R93R-44,14769,20110904,20110911,20110916,3578,1,3578
SO45624,BK-R93R-52,11291,20110904,20110911,20110916,3578,1,3578
SO45625,BK-R93R-56,11307,20110904,20110911,20110916,3578,1,3578
SO45626,BK-R93R-62,11259,20110904,20110911,20110916,3578,1,3578
SO45627,BK-R50R-62,18039,20110904,20110911,20110916,699,1,699
SO45628,BK-R93R-56,19795,20110904,20110911,20110916,3578,1,3578
SO45629,BK-M82S-48,11892,20110904,20110911,20110916,3400,1,3400
SO45630,BK-M82B-48,11899,20110904,20110911,20110916,3375,1,3375
SO45631,BK-M82B-44,11237,20110905,20110912,20110917,3375,1,3375
SO45632,BK-R93R-56,14775,20110905,20110912,20110917,3578,1,3578
SO45633,BK-M82B-48,26011,20110905,20110912,20110917,3375,1,3375
SO45634,BK-R93R-56,19766,20110905,20110912,20110917,3578,1,3578
SO45635,BK-R93R-52,23351,20110906,20110913,20110918,3578,1,3578
SO45636,BK-R93R-44,11302,20110906,20110913,20110918,3578,1,3578
SO45637,BK-R93R-56,11525,20110906,20110913,20110918,3578,1,3578
SO45638,BK-R50R-62,14746,20110906,20110913,20110918,699,1,699
SO45639,BK-R93R-44,19782,20110906,20110913,20110918,3578,1,3578
SO45640,BK-R93R-44,19964,20110906,20110913,20110918,3578,1,3578
SO45641,BK-R93R-44,23306,20110907,20110914,20110919,3578,1,3578
SO45642,BK-R93R-52,11623,20110907,20110914,20110919,3578,1,3578
SO45643,BK-R93R-62,14541,20110908,20110915,20110920,3578,1,3578
SO45644,BK-M82B-44,28458,20110908,20110915,20110920,3375,1,3375
SO45645,BK-M82B-48,11482,20110908,20110915,20110920,3375,1,3375
SO45646,BK-R93R-48,11289,20110908,20110915,20110920,3578,1,3578
SO45647,BK-M82S-48,25997,20110908,20110915,20110920,3400,1,3400
SO45648,BK-R93R-48,19791,20110908,20110915,20110920,3578,1,3578
SO45649,BK-R93R-62,11319,20110909,20110916,20110921,3578,1,3578
SO45650,BK-R93R-48,28652,20110909,20110916,20110921,3578,1,3578
SO45651,BK-R93R-44,19771,20110909,20110916,20110921,3578,1,3578
SO45652,BK-R50B-60,25826,20110909,20110916,20110921,699,1,699
SO45653,BK-M82S-48,11764,20110909,20110916,20110921,3400,1,3400
SO45654,BK-M82B-38,28478,20110910,20110917,20110922,3375,1,3375
SO45655,BK-R93R-48,11323,20110910,20110917,20110922,3578,1,3578
SO45656,BK-R93R-52,11617,20110910,20110917,20110922,3578,1,3578
SO45657,BK-R93R-44,11266,20110910,20110917,20110922,3578,1,3578
SO45658,BK-R93R-48,11270,20110910,20110917,20110922,3578,1,3578
SO45659,BK-M82B-42,26003,20110910,20110917,20110922,3375,1,3375
SO45660,BK-R93R-48,19797,20110910,20110917,20110922,3578,1,3578
SO45661,BK-R50B-52,25827,20110910,20110917,20110922,699,1,699
SO45662,BK-M82B-44,11906,20110910,20110917,20110922,3375,1,3375
SO45663,BK-M82S-48,11901,20110910,20110917,20110922,3400,1,3400
SO45664,BK-R93R-48,14713,20110911,20110918,20110923,3578,1,3578
SO45665,BK-M82S-44,26004,20110911,20110918,20110923,3400,1,3400
SO45666,BK-R50R-44,14738,20110911,20110918,20110923,699,1,699
SO45667,BK-R93R-56,19957,20110911,20110918,20110923,3578,1,3578
SO45668,BK-R93R-48,11298,20110912,20110919,20110924,3578,1,3578
SO45669,BK-R93R-56,11528,20110912,20110919,20110924,3578,1,3578
SO45670,BK-R93R-62,11541,20110912,20110919,20110924,3578,1,3578
SO45671,BK-R93R-48,11628,20110912,20110919,20110924,3578,1,3578
SO45672,BK-R50B-48,19438,20110912,20110919,20110924,699,1,699
SO45673,BK-R93R-48,19790,20110912,20110919,20110924,3578,1,3578
SO45674,BK-R93R-56,19948,20110912,20110919,20110924,3578,1,3578
SO45675,BK-R50B-48,25829,20110912,20110919,20110924,699,1,699
SO45676,BK-M82B-42,11765,20110912,20110919,20110924,3375,1,3375
SO45677,BK-M82B-38,11895,20110912,20110919,20110924,3375,1,3375
SO45678,BK-R93R-52,11281,20110913,20110920,20110925,3578,1,3578
SO45679,BK-R93R-56,11540,20110913,20110920,20110925,3578,1,3578
SO45680,BK-R93R-62,23283,20110913,20110920,20110925,3578,1,3578
SO45681,BK-R93R-56,19789,20110913,20110920,20110925,3578,1,3578
SO45682,BK-R93R-48,19950,20110913,20110920,20110925,3578,1,3578
SO45683,BK-R93R-44,14709,20110914,20110921,20110926,3578,1,3578
SO45684,BK-M82S-42,11485,20110914,20110921,20110926,3400,1,3400
SO45685,BK-R50R-60,18132,20110914,20110921,20110926,699,1,699
SO45686,BK-M82S-44,25998,20110914,20110921,20110926,3400,1,3400
SO45687,BK-M82S-38,26005,20110914,20110921,20110926,3400,1,3400
SO45688,BK-R50R-58,14741,20110914,20110921,20110926,699,1,699
SO45689,BK-R93R-48,19773,20110914,20110921,20110926,3578,1,3578
SO45690,BK-R93R-62,19958,20110914,20110921,20110926,3578,1,3578
SO45691,BK-M82S-38,11898,20110914,20110921,20110926,3400,1,3400
SO45692,BK-R93R-52,14425,20110915,20110922,20110927,3578,1,3578
SO45693,BK-R93R-52,15083,20110915,20110922,20110927,3578,1,3578
SO45694,BK-R93R-48,15097,20110915,20110922,20110927,3578,1,3578
SO45695,BK-R93R-44,11292,20110915,20110922,20110927,3578,1,3578
SO45696,BK-R93R-56,11326,20110915,20110922,20110927,3578,1,3578
SO45697,BK-R93R-56,11516,20110915,20110922,20110927,3578,1,3578
SO45698,BK-R50R-44,14747,20110915,20110922,20110927,699,1,699
SO45699,BK-R50B-62,14750,20110915,20110922,20110927,699,1,699
SO45700,BK-R93R-62,11278,20110916,20110923,20110928,3578,1,3578
SO45701,BK-R93R-44,11538,20110916,20110923,20110928,3578,1,3578
SO45702,BK-R50R-58,18131,20110916,20110923,20110928,699,1,699
SO45703,BK-R93R-62,19947,20110916,20110923,20110928,3578,1,3578
SO45704,BK-R93R-48,14772,20110917,20110924,20110929,3578,1,3578
SO45705,BK-R93R-44,23378,20110917,20110924,20110929,3578,1,3578
SO45706,BK-R93R-52,11267,20110917,20110924,20110929,3578,1,3578
SO45707,BK-M82S-42,11904,20110917,20110924,20110929,3400,1,3400
SO45708,BK-R93R-52,19765,20110917,20110924,20110929,3578,1,3578
SO45709,BK-R93R-52,19793,20110917,20110924,20110929,3578,1,3578
SO45710,BK-R93R-62,19963,20110917,20110924,20110929,3578,1,3578
SO45711,BK-R93R-52,19621,20110917,20110924,20110929,3578,1,3578
SO45712,BK-M82S-44,11767,20110917,20110924,20110929,3400,1,3400
SO45713,BK-R93R-56,15088,20110918,20110925,20110930,3578,1,3578
SO45714,BK-R93R-48,11534,20110918,20110925,20110930,3578,1,3578
SO45715,BK-R93R-62,19770,20110918,20110925,20110930,3578,1,3578
SO45716,BK-R93R-62,19783,20110918,20110925,20110930,3578,1,3578
SO45717,BK-R93R-62,11325,20110919,20110926,20111001,3578,1,3578
SO45718,BK-R93R-44,11272,20110919,20110926,20111001,3578,1,3578
SO45719,BK-M82B-44,20000,20110919,20110926,20111001,3375,1,3375
SO45720,BK-R93R-52,19653,20110919,20110926,20111001,3578,1,3578
SO45721,BK-M82S-42,11766,20110919,20110926,20111001,3400,1,3400
SO45722,BK-M82B-48,11908,20110919,20110926,20111001,3375,1,3375
SO45723,BK-R93R-44,11290,20110920,20110927,20111002,3578,1,3578
SO45724,BK-R93R-48,12620,20110920,20110927,20111002,3578,1,3578
SO45725,BK-R93R-48,14789,20110920,20110927,20111002,3578,1,3578
SO45726,BK-R93R-52,12614,20110920,20110927,20111002,3578,1,3578
SO45727,BK-M82B-44,11909,20110920,20110927,20111002,3375,1,3375
SO45728,BK-R93R-52,14426,20110921,20110928,20111003,3578,1,3578
SO45729,BK-R93R-52,15087,20110921,20110928,20111003,3578,1,3578
SO45730,BK-M82B-44,28471,20110921,20110928,20111003,3375,1,3375
SO45731,BK-R93R-62,11286,20110921,20110928,20111003,3578,1,3578
SO45732,BK-R93R-44,11537,20110921,20110928,20111003,3578,1,3578
SO45733,BK-R93R-44,11624,20110921,20110928,20111003,3578,1,3578
SO45734,BK-R93R-56,11630,20110921,20110928,20111003,3578,1,3578
SO45735,BK-R93R-56,19792,20110921,20110928,20111003,3578,1,3578
SO45736,BK-R93R-62,19960,20110921,20110928,20111003,3578,1,3578
SO45737,BK-R93R-44,19965,20110921,20110928,20111003,3578,1,3578
SO45738,BK-M82S-44,11900,20110921,20110928,20111003,3400,1,3400
SO45739,BK-M82B-38,11903,20110921,20110928,20111003,3375,1,3375
SO45740,BK-R93R-56,19786,20110922,20110929,20111004,3578,1,3578
SO45741,BK-R93R-56,19788,20110922,20110929,20111004,3578,1,3578
SO45742,BK-R93R-48,19620,20110922,20110929,20111004,3578,1,3578
SO45743,BK-R93R-52,19631,20110922,20110929,20111004,3578,1,3578
SO45744,BK-M82B-48,11894,20110922,20110929,20111004,3375,1,3375
SO45745,BK-R93R-48,15089,20110923,20110930,20111005,3578,1,3578
SO45746,BK-R93R-48,23376,20110923,20110930,20111005,3578,1,3578
SO45747,BK-R93R-56,11539,20110923,20110930,20111005,3578,1,3578
SO45748,BK-R50B-58,18046,20110923,20110930,20111005,699,1,699
SO45749,BK-R93R-44,14797,20110923,20110930,20111005,3578,1,3578
SO45750,BK-M82S-42,26001,20110923,20110930,20111005,3400,1,3400
SO45751,BK-R50B-48,14739,20110923,20110930,20111005,699,1,699
SO45752,BK-R93R-56,19772,20110923,20110930,20111005,3578,1,3578
SO45753,BK-R93R-44,19966,20110923,20110930,20111005,3578,1,3578
SO45754,BK-R93R-44,11529,20110924,20111001,20111006,3578,1,3578
SO45755,BK-R93R-56,11536,20110924,20111001,20111006,3578,1,3578
SO45756,BK-R93R-52,11625,20110924,20111001,20111006,3578,1,3578
SO45757,BK-R93R-48,12561,20110925,20111002,20111007,3578,1,3578
SO45758,BK-R93R-48,15106,20110925,20111002,20111007,3578,1,3578
SO45759,BK-R93R-52,11295,20110925,20111002,20111007,3578,1,3578
SO45760,BK-R93R-44,11329,20110925,20111002,20111007,3578,1,3578
SO45761,BK-R93R-56,11629,20110925,20111002,20111007,3578,1,3578
SO45762,BK-R93R-48,12621,20110925,20111002,20111007,3578,1,3578
SO45763,BK-R93R-56,19959,20110925,20111002,20111007,3578,1,3578
SO45764,BK-R93R-62,19652,20110925,20111002,20111007,3578,1,3578
SO45765,BK-M82B-44,11245,20110926,20111003,20111008,3375,1,3375
SO45766,BK-R93R-48,11297,20110926,20111003,20111008,3578,1,3578
SO45767,BK-R93R-62,11299,20110926,20111003,20111008,3578,1,3578
SO45768,BK-R93R-62,11324,20110926,20111003,20111008,3578,1,3578
SO45769,BK-R93R-56,11327,20110926,20111003,20111008,3578,1,3578
SO45770,BK-R93R-44,19956,20110926,20111003,20111008,3578,1,3578
SO45771,BK-R93R-56,11271,20110927,20111004,20111009,3578,1,3578
SO45772,BK-R93R-52,19785,20110927,20111004,20111009,3578,1,3578
SO45773,BK-R93R-44,19949,20110927,20111004,20111009,3578,1,3578
SO45774,BK-R93R-48,11261,20110927,20111004,20111009,3578,1,3578
SO45775,BK-R93R-56,14207,20110928,20111005,20111010,3578,1,3578
SO45776,BK-R93R-52,23281,20110928,20111005,20111010,3578,1,3578
SO45777,BK-M82S-44,11907,20110928,20111005,20111010,3400,1,3400
SO45778,BK-M82B-48,26002,20110928,20111005,20111010,3375,1,3375
SO45816,BK-R93R-52,11830,20110929,20111006,20111011,3578,1,3578
SO45817,BK-R93R-44,14801,20110929,20111006,20111011,3578,1,3578
SO45818,BK-R50R-48,14868,20110929,20111006,20111011,699,1,699
SO45819,BK-R93R-48,20160,20110929,20111006,20111011,3578,1,3578
SO45820,BK-R50B-48,25832,20110929,20111006,20111011,699,1,699
SO45821,BK-M82S-44,26041,20110930,20111007,20111012,3400,1,3400
SO45822,BK-R93R-48,20246,20110930,20111007,20111012,3578,1,3578
SO45823,BK-R93R-44,20253,20110930,20111007,20111012,3578,1,3578
SO45824,BK-R93R-48,11696,20111001,20111008,20111013,3578,1,3578
SO45825,BK-R93R-56,23725,20111001,20111008,20111013,3578,1,3578
SO45826,BK-R93R-62,23858,20111001,20111008,20111013,3578,1,3578
SO45827,BK-R93R-48,15440,20111001,20111008,20111013,3578,1,3578
SO45828,BK-R50R-52,14753,20111001,20111008,20111013,699,1,699
SO45829,BK-R93R-62,20245,20111001,20111008,20111013,3578,1,3578
SO45830,BK-R93R-56,20151,20111001,20111008,20111013,3578,1,3578
SO45831,BK-R93R-52,20158,20111001,20111008,20111013,3578,1,3578
SO45832,BK-M82B-48,11916,20111001,20111008,20111013,3375,1,3375
SO45833,BK-R93R-52,11815,20111002,20111009,20111014,3578,1,3578
SO45834,BK-R93R-48,11816,20111002,20111009,20111014,3578,1,3578
SO45835,BK-R93R-52,11688,20111002,20111009,20111014,3578,1,3578
SO45836,BK-R93R-44,14823,20111002,20111009,20111014,3578,1,3578
SO45837,BK-M82B-38,26050,20111002,20111009,20111014,3375,1,3375
SO45838,BK-R93R-44,20213,20111002,20111009,20111014,3578,1,3578
SO45839,BK-M82B-42,11915,20111002,20111009,20111014,3375,1,3375
SO45840,BK-M82B-42,11246,20111003,20111010,20111015,3375,1,3375
SO45841,BK-R93R-44,12804,20111003,20111010,20111015,3578,1,3578
SO45842,BK-R93R-56,11742,20111003,20111010,20111015,3578,1,3578
SO45843,BK-R93R-48,11775,20111003,20111010,20111015,3578,1,3578
SO45844,BK-R93R-48,11812,20111003,20111010,20111015,3578,1,3578
SO45845,BK-R93R-44,23566,20111004,20111011,20111016,3578,1,3578
SO45846,BK-R93R-56,23592,20111004,20111011,20111016,3578,1,3578
SO45847,BK-M82S-42,26015,20111004,20111011,20111016,3400,1,3400
SO45848,BK-R50B-48,14852,20111004,20111011,20111016,699,1,699
SO45849,BK-R93R-48,20154,20111004,20111011,20111016,3578,1,3578
SO45850,BK-R93R-62,11776,20111005,20111012,20111017,3578,1,3578
SO45851,BK-R93R-48,11683,20111005,20111012,20111017,3578,1,3578
SO45852,BK-R50B-48,18143,20111005,20111012,20111017,699,1,699
SO45853,BK-R93R-52,15453,20111005,20111012,20111017,3578,1,3578
SO45854,BK-R93R-48,15620,20111005,20111012,20111017,3578,1,3578
SO45855,BK-R50B-44,14754,20111005,20111012,20111017,699,1,699
SO45856,BK-R93R-44,20247,20111005,20111012,20111017,3578,1,3578
SO45857,BK-M82B-48,11919,20111005,20111012,20111017,3375,1,3375
SO45858,BK-M82B-44,11952,20111005,20111012,20111017,3375,1,3375
SO45859,BK-R93R-56,12754,20111006,20111013,20111018,3578,1,3578
SO45860,BK-R93R-48,23829,20111006,20111013,20111018,3578,1,3578
SO45861,BK-R93R-44,12650,20111006,20111013,20111018,3578,1,3578
SO45862,BK-R93R-48,14827,20111007,20111014,20111019,3578,1,3578
SO45863,BK-R93R-56,11873,20111007,20111014,20111019,3578,1,3578
SO45864,BK-R93R-44,19968,20111007,20111014,20111019,3578,1,3578
SO45865,BK-R93R-48,20157,20111007,20111014,20111019,3578,1,3578
SO45866,BK-R93R-62,15621,20111007,20111014,20111019,3578,1,3578
SO45867,BK-R93R-48,11772,20111008,20111015,20111020,3578,1,3578
SO45868,BK-R93R-62,14819,20111008,20111015,20111020,3578,1,3578
SO45869,BK-R93R-62,14822,20111008,20111015,20111020,3578,1,3578
SO45870,BK-M82B-42,26012,20111008,20111015,20111020,3375,1,3375
SO45871,BK-R50R-44,25919,20111008,20111015,20111020,699,1,699
SO45872,BK-M82S-48,11249,20111009,20111016,20111021,3400,1,3400
SO45873,BK-R93R-56,11925,20111009,20111016,20111021,3578,1,3578
SO45874,BK-M82B-48,20007,20111009,20111016,20111021,3375,1,3375
SO45875,BK-R93R-62,20242,20111009,20111016,20111021,3578,1,3578
SO45876,BK-R93R-56,19975,20111009,20111016,20111021,3578,1,3578
SO45877,BK-M82B-48,11910,20111009,20111016,20111021,3375,1,3375
SO45878,BK-R93R-62,12750,20111010,20111017,20111022,3578,1,3578
SO45879,BK-R50B-44,19443,20111010,20111017,20111022,699,1,699
SO45880,BK-R93R-52,11707,20111010,20111017,20111022,3578,1,3578
SO45881,BK-R93R-62,23397,20111010,20111017,20111022,3578,1,3578
SO45882,BK-R93R-48,11745,20111010,20111017,20111022,3578,1,3578
SO45883,BK-R93R-52,11799,20111010,20111017,20111022,3578,1,3578
SO45884,BK-R93R-52,11678,20111010,20111017,20111022,3578,1,3578
SO45885,BK-R93R-52,12655,20111010,20111017,20111022,3578,1,3578
SO45886,BK-M82B-38,26042,20111010,20111017,20111022,3375,1,3375
SO45887,BK-R50R-52,14880,20111010,20111017,20111022,699,1,699
SO45888,BK-R93R-62,20217,20111010,20111017,20111022,3578,1,3578
SO45889,BK-M82B-44,11920,20111010,20111017,20111022,3375,1,3375
SO45890,BK-M82B-42,11338,20111011,20111018,20111023,3375,1,3375
SO45891,BK-M82S-44,11380,20111011,20111018,20111023,3400,1,3400
SO45892,BK-R93R-48,20226,20111011,20111018,20111023,3578,1,3578
SO45893,BK-R93R-52,23842,20111011,20111018,20111023,3578,1,3578
SO45894,BK-R50B-58,19450,20111012,20111019,20111024,699,1,699
SO45895,BK-R93R-44,11727,20111012,20111019,20111024,3578,1,3578
SO45896,BK-R93R-44,12632,20111012,20111019,20111024,3578,1,3578
SO45897,BK-R93R-52,11933,20111013,20111020,20111025,3578,1,3578
SO45898,BK-R93R-62,23830,20111013,20111020,20111025,3578,1,3578
SO45899,BK-R93R-62,11817,20111013,20111020,20111025,3578,1,3578
SO45900,BK-R93R-48,11837,20111013,20111020,20111025,3578,1,3578
SO45901,BK-R93R-48,11665,20111013,20111020,20111025,3578,1,3578
SO45902,BK-R93R-56,15614,20111013,20111020,20111025,3578,1,3578
SO45903,BK-R93R-62,15619,20111013,20111020,20111025,3578,1,3578
SO45904,BK-R93R-44,20241,20111013,20111020,20111025,3578,1,3578
SO45905,BK-R93R-44,20152,20111013,20111020,20111025,3578,1,3578
SO45906,BK-R93R-48,20159,20111013,20111020,20111025,3578,1,3578
SO45907,BK-R93R-62,20214,20111013,20111020,20111025,3578,1,3578
SO45908,BK-M82S-48,11918,20111013,20111020,20111025,3400,1,3400
SO45909,BK-M82B-42,11947,20111013,20111020,20111025,3375,1,3375
SO45910,BK-R93R-44,11777,20111014,20111021,20111026,3578,1,3578
SO45911,BK-R93R-56,11797,20111014,20111021,20111026,3578,1,3578
SO45912,BK-R93R-48,23819,20111014,20111021,20111026,3578,1,3578
SO45913,BK-M82S-38,26014,20111014,20111021,20111026,3400,1,3400
SO45914,BK-M82B-42,11929,20111014,20111021,20111026,3375,1,3375
SO45915,BK-M82S-48,11930,20111014,20111021,20111026,3400,1,3400
SO45916,BK-M82S-44,11964,20111014,20111021,20111026,3400,1,3400
SO45917,BK-M82S-44,11332,20111015,20111022,20111027,3400,1,3400
SO45918,BK-R93R-52,11741,20111015,20111022,20111027,3578,1,3578
SO45919,BK-R93R-48,11780,20111015,20111022,20111027,3578,1,3578
SO45920,BK-R93R-44,23730,20111015,20111022,20111027,3578,1,3578
SO45921,BK-R93R-48,11798,20111015,20111022,20111027,3578,1,3578
SO45922,BK-R93R-56,23731,20111015,20111022,20111027,3578,1,3578
SO45923,BK-R93R-52,11811,20111015,20111022,20111027,3578,1,3578
SO45924,BK-R93R-62,14803,20111015,20111022,20111027,3578,1,3578
SO45925,BK-M82S-48,11942,20111015,20111022,20111027,3400,1,3400
SO45926,BK-R93R-44,23486,20111016,20111023,20111028,3578,1,3578
SO45927,BK-R93R-48,11796,20111016,20111023,20111028,3578,1,3578
SO45928,BK-R93R-52,11813,20111016,20111023,20111028,3578,1,3578
SO45929,BK-R93R-62,11825,20111016,20111023,20111028,3578,1,3578
SO45930,BK-R50R-48,18148,20111016,20111023,20111028,699,1,699
SO45931,BK-R93R-62,20249,20111016,20111023,20111028,3578,1,3578
SO45932,BK-R93R-62,20211,20111016,20111023,20111028,3578,1,3578
SO45933,BK-R93R-52,11779,20111017,20111024,20111029,3578,1,3578
SO45934,BK-R93R-52,11666,20111017,20111024,20111029,3578,1,3578
SO45935,BK-R50R-44,19439,20111017,20111024,20111029,699,1,699
SO45936,BK-M82B-42,26016,20111017,20111024,20111029,3375,1,3375
SO45937,BK-R93R-48,14824,20111018,20111025,20111030,3578,1,3578
SO45938,BK-R93R-44,11654,20111018,20111025,20111030,3578,1,3578
SO45939,BK-R50B-60,14757,20111018,20111025,20111030,699,1,699
SO45940,BK-R93R-52,20244,20111018,20111025,20111030,3578,1,3578
SO45941,BK-R93R-62,19978,20111018,20111025,20111030,3578,1,3578
SO45942,BK-R93R-48,20219,20111018,20111025,20111030,3578,1,3578
SO45943,BK-R93R-62,20221,20111018,20111025,20111030,3578,1,3578
SO45944,BK-R93R-48,20225,20111018,20111025,20111030,3578,1,3578
SO45945,BK-R50R-62,25920,20111018,20111025,20111030,699,1,699
SO45946,BK-M82B-44,11914,20111018,20111025,20111030,3375,1,3375
SO45947,BK-M82B-48,11943,20111018,20111025,20111030,3375,1,3375
SO45948,BK-R50B-52,14879,20111019,20111026,20111031,699,1,699
SO45949,BK-R93R-62,19970,20111019,20111026,20111031,3578,1,3578
SO45950,BK-R93R-48,19974,20111019,20111026,20111031,3578,1,3578
SO45951,BK-M82B-38,11944,20111019,20111026,20111031,3375,1,3375
SO45952,BK-M82S-48,11969,20111019,20111026,20111031,3400,1,3400
SO45953,BK-R93R-56,23859,20111020,20111027,20111101,3578,1,3578
SO45954,BK-R93R-56,11810,20111020,20111027,20111101,3578,1,3578
SO45955,BK-M82S-38,26055,20111020,20111027,20111101,3400,1,3400
SO45956,BK-R93R-48,19979,20111020,20111027,20111101,3578,1,3578
SO45957,BK-R93R-48,11809,20111021,20111028,20111102,3578,1,3578
SO45958,BK-R93R-44,11818,20111021,20111028,20111102,3578,1,3578
SO45959,BK-R93R-44,11872,20111021,20111028,20111102,3578,1,3578
SO45960,BK-R93R-56,11671,20111021,20111028,20111102,3578,1,3578
SO45961,BK-R93R-48,12717,20111021,20111028,20111102,3578,1,3578
SO45962,BK-R93R-62,20227,20111021,20111028,20111102,3578,1,3578
SO45963,BK-R93R-62,20238,20111021,20111028,20111102,3578,1,3578
SO45964,BK-R93R-62,20215,20111021,20111028,20111102,3578,1,3578
SO45965,BK-R50R-58,25921,20111021,20111028,20111102,699,1,699
SO45966,BK-M82S-42,11946,20111021,20111028,20111102,3400,1,3400
SO45967,BK-R50R-44,19454,20111022,20111029,20111103,699,1,699
SO45968,BK-R93R-44,11834,20111022,20111029,20111103,3578,1,3578
SO45969,BK-R93R-62,20156,20111022,20111029,20111103,3578,1,3578
SO45970,BK-M82B-38,11963,20111022,20111029,20111103,3375,1,3375
SO45971,BK-M82S-42,11335,20111023,20111030,20111104,3400,1,3400
SO45972,BK-R50R-62,19472,20111023,20111030,20111104,699,1,699
SO45973,BK-R93R-52,11773,20111023,20111030,20111104,3578,1,3578
SO45974,BK-M82S-48,26018,20111023,20111030,20111104,3400,1,3400
SO45975,BK-R50R-62,14755,20111023,20111030,20111104,699,1,699
SO45976,BK-R93R-56,20239,20111023,20111030,20111104,3578,1,3578
SO45977,BK-R93R-52,20216,20111023,20111030,20111104,3578,1,3578
SO45978,BK-M82B-44,11967,20111023,20111030,20111104,3375,1,3375
SO45979,BK-R93R-44,15630,20111024,20111031,20111105,3578,1,3578
SO45980,BK-R93R-48,15631,20111024,20111031,20111105,3578,1,3578
SO45981,BK-R93R-62,12805,20111024,20111031,20111105,3578,1,3578
SO45982,BK-R93R-62,19977,20111024,20111031,20111105,3578,1,3578
SO45983,BK-R93R-56,14830,20111025,20111101,20111106,3578,1,3578
SO45984,BK-R93R-52,11690,20111025,20111101,20111106,3578,1,3578
SO45985,BK-R93R-56,11708,20111025,20111101,20111106,3578,1,3578
SO45986,BK-R93R-56,11743,20111025,20111101,20111106,3578,1,3578
SO45987,BK-R93R-62,11854,20111025,20111101,20111106,3578,1,3578
SO45988,BK-R93R-56,11675,20111025,20111101,20111106,3578,1,3578
SO45989,BK-R93R-44,12631,20111025,20111101,20111106,3578,1,3578
SO45990,BK-R93R-56,12711,20111025,20111101,20111106,3578,1,3578
SO45991,BK-M82B-48,11976,20111025,20111101,20111106,3375,1,3375
SO45992,BK-R50B-60,19451,20111026,20111102,20111107,699,1,699
SO45993,BK-R93R-52,11924,20111026,20111102,20111107,3578,1,3578
SO45994,BK-R93R-44,11774,20111026,20111102,20111107,3578,1,3578
SO45995,BK-R93R-62,23846,20111026,20111102,20111107,3578,1,3578
SO45996,BK-R93R-48,11839,20111026,20111102,20111107,3578,1,3578
SO45997,BK-R50R-62,14756,20111026,20111102,20111107,699,1,699
SO45998,BK-R50B-52,25918,20111026,20111102,20111107,699,1,699
SO45999,BK-R93R-44,23583,20111027,20111103,20111108,3578,1,3578
SO46000,BK-R93R-62,11778,20111027,20111103,20111108,3578,1,3578
SO46001,BK-R93R-62,23806,20111027,20111103,20111108,3578,1,3578
SO46002,BK-R93R-62,11826,20111027,20111103,20111108,3578,1,3578
SO46003,BK-R93R-48,11831,20111027,20111103,20111108,3578,1,3578
SO46004,BK-R93R-44,11664,20111027,20111103,20111108,3578,1,3578
SO46005,BK-R93R-48,12749,20111027,20111103,20111108,3578,1,3578
SO46006,BK-R93R-52,20236,20111027,20111103,20111108,3578,1,3578
SO46007,BK-R93R-48,20220,20111027,20111103,20111108,3578,1,3578
SO46008,BK-M82B-38,11912,20111027,20111103,20111108,3375,1,3375
SO46009,BK-M82S-38,11917,20111027,20111103,20111108,3400,1,3400
SO46010,BK-M82B-38,11488,20111028,20111104,20111109,3375,1,3375
SO46011,BK-M82B-48,11489,20111028,20111104,20111109,3375,1,3375
SO46012,BK-R50R-52,19453,20111028,20111104,20111109,699,1,699
SO46013,BK-R93R-44,11705,20111028,20111104,20111109,3578,1,3578
SO46014,BK-R93R-52,23396,20111028,20111104,20111109,3578,1,3578
SO46015,BK-R93R-52,23511,20111028,20111104,20111109,3578,1,3578
SO46016,BK-R93R-48,11885,20111028,20111104,20111109,3578,1,3578
SO46017,BK-R93R-56,11886,20111028,20111104,20111109,3578,1,3578
SO46018,BK-R93R-48,11663,20111028,20111104,20111109,3578,1,3578
SO46019,BK-R50B-48,14752,20111028,20111104,20111109,699,1,699
SO46020,BK-R93R-52,20228,20111028,20111104,20111109,3578,1,3578
SO46021,BK-R93R-56,19971,20111028,20111104,20111109,3578,1,3578
SO46022,BK-M82S-44,11968,20111028,20111104,20111109,3400,1,3400
SO46108,BK-R93R-62,12018,20111029,20111105,20111110,3578,1,3578
SO46109,BK-R93R-48,12167,20111029,20111105,20111110,3578,1,3578
SO46110,BK-R93R-44,12169,20111029,20111105,20111110,3578,1,3578
SO46111,BK-R93R-44,11937,20111029,20111105,20111110,3578,1,3578
SO46112,BK-R93R-48,11945,20111029,20111105,20111110,3578,1,3578
SO46113,BK-R93R-62,11955,20111029,20111105,20111110,3578,1,3578
SO46114,BK-R93R-52,12053,20111029,20111105,20111110,3578,1,3578
SO46115,BK-R93R-48,12104,20111029,20111105,20111110,3578,1,3578
SO46116,BK-R50B-58,14912,20111029,20111105,20111110,699,1,699
SO46117,BK-R93R-62,20446,20111029,20111105,20111110,3578,1,3578
SO46118,BK-R93R-56,20611,20111029,20111105,20111110,3578,1,3578
SO46119,BK-R50R-44,25927,20111029,20111105,20111110,699,1,699
SO46120,BK-R93R-52,12023,20111030,20111106,20111111,3578,1,3578
SO46121,BK-R93R-48,12069,20111030,20111106,20111111,3578,1,3578
SO46122,BK-R93R-52,24284,20111030,20111106,20111111,3578,1,3578
SO46123,BK-R93R-48,12152,20111030,20111106,20111111,3578,1,3578
SO46124,BK-R93R-44,20447,20111030,20111106,20111111,3578,1,3578
SO46125,BK-R93R-62,11956,20111031,20111107,20111112,3578,1,3578
SO46126,BK-R50B-60,14883,20111031,20111107,20111112,699,1,699
SO46127,BK-R50B-60,14895,20111031,20111107,20111112,699,1,699
SO46128,BK-R93R-56,14945,20111031,20111107,20111112,3578,1,3578
SO46129,BK-R93R-52,20420,20111031,20111107,20111112,3578,1,3578
SO46130,BK-R93R-44,12171,20111101,20111108,20111113,3578,1,3578
SO46131,BK-R93R-48,11954,20111101,20111108,20111113,3578,1,3578
SO46132,BK-R93R-56,23865,20111101,20111108,20111113,3578,1,3578
SO46133,BK-R93R-48,12105,20111101,20111108,20111113,3578,1,3578
SO46134,BK-R93R-48,20259,20111101,20111108,20111113,3578,1,3578
SO46135,BK-R93R-52,20416,20111101,20111108,20111113,3578,1,3578
SO46136,BK-R93R-48,20426,20111101,20111108,20111113,3578,1,3578
SO46137,BK-R93R-52,20600,20111101,20111108,20111113,3578,1,3578
SO46138,BK-R93R-44,13405,20111101,20111108,20111113,3578,1,3578
SO46139,BK-M82S-48,11977,20111101,20111108,20111113,3400,1,3400
SO46140,BK-M82B-44,11991,20111101,20111108,20111113,3375,1,3375
SO46141,BK-R50R-58,19501,20111102,20111109,20111114,699,1,699
SO46142,BK-R93R-44,24310,20111102,20111109,20111114,3578,1,3578
SO46143,BK-M82S-48,26090,20111102,20111109,20111114,3400,1,3400
SO46144,BK-M82B-44,26094,20111102,20111109,20111114,3375,1,3375
SO46145,BK-R50B-48,14881,20111102,20111109,20111114,699,1,699
SO46146,BK-M82S-42,11421,20111103,20111110,20111115,3400,1,3400
SO46147,BK-R50R-58,19476,20111103,20111110,20111115,699,1,699
SO46148,BK-R93R-62,12052,20111103,20111110,20111115,3578,1,3578
SO46149,BK-R93R-44,12120,20111103,20111110,20111115,3578,1,3578
SO46150,BK-R50B-62,20569,20111103,20111110,20111115,699,1,699
SO46151,BK-M82B-48,26082,20111103,20111110,20111115,3375,1,3375
SO46152,BK-R93R-56,20424,20111103,20111110,20111115,3578,1,3578
SO46153,BK-R50R-62,25928,20111103,20111110,20111115,699,1,699
SO46154,BK-M82B-42,11989,20111103,20111110,20111115,3375,1,3375
SO46155,BK-R93R-62,12076,20111104,20111111,20111116,3578,1,3578
SO46156,BK-R93R-56,12118,20111104,20111111,20111116,3578,1,3578
SO46157,BK-M82S-42,26056,20111104,20111111,20111116,3400,1,3400
SO46158,BK-R50R-58,25926,20111104,20111111,20111116,699,1,699
SO46159,BK-M82B-48,11996,20111104,20111111,20111116,3375,1,3375
SO46160,BK-M82B-48,11412,20111105,20111112,20111117,3375,1,3375
SO46161,BK-R93R-44,12819,20111105,20111112,20111117,3578,1,3578
SO46162,BK-R93R-52,12163,20111105,20111112,20111117,3578,1,3578
SO46163,BK-R93R-48,12042,20111105,20111112,20111117,3578,1,3578
SO46164,BK-R93R-48,12079,20111105,20111112,20111117,3578,1,3578
SO46165,BK-R93R-62,12141,20111105,20111112,20111117,3578,1,3578
SO46166,BK-R93R-52,15657,20111105,20111112,20111117,3578,1,3578
SO46167,BK-M82S-48,11997,20111105,20111112,20111117,3400,1,3400
SO46168,BK-R50B-60,25936,20111105,20111112,20111117,699,1,699
SO46169,BK-R93R-52,12094,20111105,20111112,20111117,3578,1,3578
SO46170,BK-R93R-48,12156,20111106,20111113,20111118,3578,1,3578
SO46171,BK-R93R-62,24342,20111106,20111113,20111118,3578,1,3578
SO46172,BK-R93R-62,12030,20111106,20111113,20111118,3578,1,3578
SO46173,BK-R93R-44,20283,20111106,20111113,20111118,3578,1,3578
SO46174,BK-R93R-44,20608,20111106,20111113,20111118,3578,1,3578
SO46175,BK-M82B-42,12003,20111106,20111113,20111118,3375,1,3375
SO46176,BK-M82B-42,11491,20111107,20111114,20111119,3375,1,3375
SO46177,BK-R93R-48,12102,20111107,20111114,20111119,3578,1,3578
SO46178,BK-R50B-60,25937,20111107,20111114,20111119,699,1,699
SO46179,BK-R93R-52,11983,20111108,20111115,20111120,3578,1,3578
SO46180,BK-R93R-62,12084,20111108,20111115,20111120,3578,1,3578
SO46181,BK-M82B-38,12004,20111108,20111115,20111120,3375,1,3375
SO46182,BK-M82S-44,11995,20111108,20111115,20111120,3400,1,3400
SO46183,BK-M82B-48,28492,20111109,20111116,20111121,3375,1,3375
SO46184,BK-R93R-44,14834,20111109,20111116,20111121,3578,1,3578
SO46185,BK-R93R-56,15632,20111109,20111116,20111121,3578,1,3578
SO46186,BK-R93R-62,12041,20111109,20111116,20111121,3578,1,3578
SO46187,BK-R93R-52,24235,20111109,20111116,20111121,3578,1,3578
SO46188,BK-R93R-62,20430,20111109,20111116,20111121,3578,1,3578
SO46189,BK-R93R-48,20606,20111109,20111116,20111121,3578,1,3578
SO46190,BK-R93R-48,15653,20111109,20111116,20111121,3578,1,3578
SO46191,BK-R93R-62,14956,20111109,20111116,20111121,3578,1,3578
SO46192,BK-R93R-56,12830,20111110,20111117,20111122,3578,1,3578
SO46193,BK-R50B-52,18634,20111110,20111117,20111122,699,1,699
SO46194,BK-R93R-52,11939,20111110,20111117,20111122,3578,1,3578
SO46195,BK-R93R-56,12027,20111110,20111117,20111122,3578,1,3578
SO46196,BK-R93R-62,12109,20111110,20111117,20111122,3578,1,3578
SO46197,BK-M82S-48,26061,20111110,20111117,20111122,3400,1,3400
SO46198,BK-M82S-38,26089,20111110,20111117,20111122,3400,1,3400
SO46199,BK-R93R-56,20256,20111110,20111117,20111122,3578,1,3578
SO46200,BK-R93R-62,20260,20111110,20111117,20111122,3578,1,3578
SO46201,BK-R93R-56,20610,20111110,20111117,20111122,3578,1,3578
SO46202,BK-R50R-58,25935,20111110,20111117,20111122,699,1,699
SO46203,BK-M82S-44,11999,20111110,20111117,20111122,3400,1,3400
SO46204,BK-M82B-38,11988,20111110,20111117,20111122,3375,1,3375
SO46205,BK-R93R-52,12162,20111111,20111118,20111123,3578,1,3578
SO46206,BK-M82B-38,20023,20111111,20111118,20111123,3375,1,3375
SO46207,BK-M82B-38,26091,20111111,20111118,20111123,3375,1,3375
SO46208,BK-R93R-44,20284,20111111,20111118,20111123,3578,1,3578
SO46209,BK-R93R-48,12849,20111111,20111118,20111123,3578,1,3578
SO46210,BK-R93R-52,12866,20111111,20111118,20111123,3578,1,3578
SO46211,BK-R50R-48,18163,20111112,20111119,20111124,699,1,699
SO46212,BK-R93R-48,12173,20111112,20111119,20111124,3578,1,3578
SO46213,BK-R93R-56,12050,20111112,20111119,20111124,3578,1,3578
SO46214,BK-R93R-44,12072,20111112,20111119,20111124,3578,1,3578
SO46215,BK-R93R-62,20429,20111112,20111119,20111124,3578,1,3578
SO46216,BK-R93R-56,20456,20111112,20111119,20111124,3578,1,3578
SO46217,BK-R93R-56,20614,20111112,20111119,20111124,3578,1,3578
SO46218,BK-R93R-52,12820,20111113,20111120,20111125,3578,1,3578
SO46219,BK-R93R-52,24332,20111113,20111120,20111125,3578,1,3578
SO46220,BK-R93R-52,24344,20111113,20111120,20111125,3578,1,3578
SO46221,BK-R93R-56,23866,20111113,20111120,20111125,3578,1,3578
SO46222,BK-R50B-62,14891,20111113,20111120,20111125,699,1,699
SO46223,BK-R50R-44,14892,20111113,20111120,20111125,699,1,699
SO46224,BK-R50R-48,14902,20111113,20111120,20111125,699,1,699
SO46225,BK-R93R-52,20261,20111113,20111120,20111125,3578,1,3578
SO46226,BK-R93R-52,13263,20111113,20111120,20111125,3578,1,3578
SO46227,BK-M82B-48,11990,20111113,20111120,20111125,3375,1,3375
SO46228,BK-M82B-42,11993,20111113,20111120,20111125,3375,1,3375
SO46229,BK-M82S-38,11395,20111114,20111121,20111126,3400,1,3400
SO46230,BK-M82S-38,11493,20111114,20111121,20111126,3400,1,3400
SO46231,BK-R93R-62,12016,20111114,20111121,20111126,3578,1,3578
SO46232,BK-R93R-44,12058,20111114,20111121,20111126,3578,1,3578
SO46233,BK-R93R-56,23867,20111114,20111121,20111126,3578,1,3578
SO46234,BK-R93R-48,12110,20111114,20111121,20111126,3578,1,3578
SO46235,BK-R93R-48,12151,20111114,20111121,20111126,3578,1,3578
SO46236,BK-M82B-44,12001,20111114,20111121,20111126,3375,1,3375
SO46237,BK-R93R-48,12843,20111114,20111121,20111126,3578,1,3578
SO46238,BK-R93R-44,14838,20111115,20111122,20111127,3578,1,3578
SO46239,BK-R93R-48,14927,20111115,20111122,20111127,3578,1,3578
SO46240,BK-R93R-56,23868,20111115,20111122,20111127,3578,1,3578
SO46241,BK-M82S-42,20034,20111115,20111122,20111127,3400,1,3400
SO46242,BK-R93R-56,20423,20111115,20111122,20111127,3578,1,3578
SO46243,BK-R93R-44,20613,20111115,20111122,20111127,3578,1,3578
SO46244,BK-R93R-62,13504,20111115,20111122,20111127,3578,1,3578
SO46245,BK-R93R-56,14967,20111115,20111122,20111127,3578,1,3578
SO46246,BK-R93R-56,12143,20111116,20111123,20111128,3578,1,3578
SO46247,BK-R50B-60,14882,20111116,20111123,20111128,699,1,699
SO46248,BK-R50R-62,14896,20111116,20111123,20111128,699,1,699
SO46249,BK-M82S-48,12000,20111116,20111123,20111128,3400,1,3400
SO46250,BK-R93R-52,14940,20111116,20111123,20111128,3578,1,3578
SO46251,BK-M82B-44,11998,20111116,20111123,20111128,3375,1,3375
SO46252,BK-R93R-52,14939,20111117,20111124,20111129,3578,1,3578
SO46253,BK-R93R-44,12082,20111117,20111124,20111129,3578,1,3578
SO46254,BK-R93R-62,12096,20111117,20111124,20111129,3578,1,3578
SO46255,BK-R93R-48,20451,20111117,20111124,20111129,3578,1,3578
SO46256,BK-R93R-56,15652,20111117,20111124,20111129,3578,1,3578
SO46257,BK-M82S-44,11992,20111117,20111124,20111129,3400,1,3400
SO46258,BK-R93R-52,12160,20111118,20111125,20111130,3578,1,3578
SO46259,BK-R93R-52,12025,20111118,20111125,20111130,3578,1,3578
SO46260,BK-R93R-62,12108,20111118,20111125,20111130,3578,1,3578
SO46261,BK-M82B-38,26075,20111118,20111125,20111130,3375,1,3375
SO46262,BK-R93R-52,20445,20111118,20111125,20111130,3578,1,3578
SO46263,BK-R93R-62,12834,20111118,20111125,20111130,3578,1,3578
SO46264,BK-M82B-44,28491,20111119,20111126,20111201,3375,1,3375
SO46265,BK-R93R-48,11934,20111119,20111126,20111201,3578,1,3578
SO46266,BK-R93R-56,20425,20111119,20111126,20111201,3578,1,3578
SO46267,BK-R93R-56,20448,20111119,20111126,20111201,3578,1,3578
SO46268,BK-R93R-44,20615,20111119,20111126,20111201,3578,1,3578
SO46269,BK-R93R-48,15638,20111119,20111126,20111201,3578,1,3578
SO46270,BK-R93R-48,24309,20111120,20111127,20111202,3578,1,3578
SO46271,BK-R93R-52,12172,20111120,20111127,20111202,3578,1,3578
SO46272,BK-R93R-44,12116,20111120,20111127,20111202,3578,1,3578
SO46273,BK-M82B-48,26060,20111120,20111127,20111202,3375,1,3375
SO46274,BK-M82B-44,26070,20111120,20111127,20111202,3375,1,3375
SO46275,BK-R93R-52,20450,20111120,20111127,20111202,3578,1,3578
SO46276,BK-R93R-44,20612,20111120,20111127,20111202,3578,1,3578
SO46277,BK-R50R-60,19482,20111121,20111128,20111203,699,1,699
SO46278,BK-R50R-44,19496,20111121,20111128,20111203,699,1,699
SO46279,BK-R93R-48,12155,20111121,20111128,20111203,3578,1,3578
SO46280,BK-R93R-44,12121,20111121,20111128,20111203,3578,1,3578
SO46281,BK-M82S-48,26057,20111121,20111128,20111203,3400,1,3400
SO46282,BK-M82S-42,26058,20111121,20111128,20111203,3400,1,3400
SO46283,BK-M82B-48,26093,20111121,20111128,20111203,3375,1,3375
SO46284,BK-R50R-48,14888,20111121,20111128,20111203,699,1,699
SO46285,BK-M82S-44,12005,20111121,20111128,20111203,3400,1,3400
SO46286,BK-R50B-44,18175,20111122,20111129,20111204,699,1,699
SO46287,BK-R93R-48,12026,20111122,20111129,20111204,3578,1,3578
SO46288,BK-R93R-44,12059,20111122,20111129,20111204,3578,1,3578
SO46289,BK-R93R-52,12075,20111122,20111129,20111204,3578,1,3578
SO46290,BK-M82B-48,26066,20111122,20111129,20111204,3375,1,3375
SO46291,BK-R93R-52,20258,20111122,20111129,20111204,3578,1,3578
SO46292,BK-R93R-52,20418,20111122,20111129,20111204,3578,1,3578
SO46293,BK-R93R-44,14951,20111122,20111129,20111204,3578,1,3578
SO46294,BK-M82S-42,11986,20111122,20111129,20111204,3400,1,3400
SO46295,BK-R50R-52,20567,20111123,20111130,20111205,699,1,699
SO46296,BK-R93R-56,12170,20111123,20111130,20111205,3578,1,3578
SO46297,BK-R93R-52,12033,20111123,20111130,20111205,3578,1,3578
SO46298,BK-R93R-56,12071,20111123,20111130,20111205,3578,1,3578
SO46299,BK-R93R-56,20264,20111123,20111130,20111205,3578,1,3578
SO46300,BK-R93R-56,20452,20111123,20111130,20111205,3578,1,3578
SO46301,BK-R93R-52,12817,20111124,20111201,20111206,3578,1,3578
SO46302,BK-R93R-62,12083,20111124,20111201,20111206,3578,1,3578
SO46303,BK-R50B-48,25922,20111124,20111201,20111206,699,1,699
SO46304,BK-M82B-44,12002,20111124,20111201,20111206,3375,1,3375
SO46305,BK-R93R-44,14952,20111124,20111201,20111206,3578,1,3578
SO46306,BK-R93R-44,12164,20111125,20111202,20111207,3578,1,3578
SO46307,BK-R93R-56,20427,20111125,20111202,20111207,3578,1,3578
SO46308,BK-R93R-62,20609,20111125,20111202,20111207,3578,1,3578
SO46309,BK-M82B-44,11994,20111125,20111202,20111207,3375,1,3375
SO46310,BK-R50B-62,25938,20111125,20111202,20111207,699,1,699
SO46311,BK-R93R-56,12841,20111126,20111203,20111208,3578,1,3578
SO46312,BK-R93R-56,12153,20111127,20111204,20111209,3578,1,3578
SO46313,BK-R93R-52,12078,20111127,20111204,20111209,3578,1,3578
SO46314,BK-R93R-48,12112,20111127,20111204,20111209,3578,1,3578
SO46315,BK-R93R-44,12142,20111127,20111204,20111209,3578,1,3578
SO46316,BK-M82B-48,26083,20111127,20111204,20111209,3375,1,3375
SO46317,BK-R50B-60,14884,20111127,20111204,20111209,699,1,699
SO46318,BK-R93R-48,20444,20111127,20111204,20111209,3578,1,3578
SO46319,BK-R93R-44,12103,20111128,20111205,20111210,3578,1,3578
SO46320,BK-M82B-48,26084,20111128,20111205,20111210,3375,1,3375
SO46321,BK-R50R-52,14894,20111128,20111205,20111210,699,1,699
SO46390,BK-R93R-52,12440,20111129,20111206,20111211,3578,1,3578
SO46391,BK-R93R-48,20995,20111129,20111206,20111211,3578,1,3578
SO46392,BK-R93R-52,13537,20111129,20111206,20111211,3578,1,3578
SO46393,BK-R93R-56,15695,20111129,20111206,20111211,3578,1,3578
SO46394,BK-R93R-56,15055,20111130,20111207,20111212,3578,1,3578
SO46395,BK-M82S-44,11496,20111130,20111207,20111212,3400,1,3400
SO46396,BK-R93R-44,12442,20111130,20111207,20111212,3578,1,3578
SO46397,BK-R50R-48,27014,20111130,20111207,20111212,699,1,699
SO46398,BK-R93R-44,20992,20111130,20111207,20111212,3578,1,3578
SO46399,BK-R93R-56,20820,20111130,20111207,20111212,3578,1,3578
SO46400,BK-R93R-56,20987,20111130,20111207,20111212,3578,1,3578
SO46401,BK-R93R-62,20993,20111130,20111207,20111212,3578,1,3578
SO46402,BK-R93R-52,20616,20111130,20111207,20111212,3578,1,3578
SO46403,BK-R93R-56,14990,20111130,20111207,20111212,3578,1,3578
SO46404,BK-R93R-48,15692,20111130,20111207,20111212,3578,1,3578
SO46405,BK-R93R-62,20994,20111130,20111207,20111212,3578,1,3578
SO46406,BK-R93R-48,12779,20111201,20111208,20111213,3578,1,3578
SO46407,BK-R50B-52,27026,20111201,20111208,20111213,699,1,699
SO46408,BK-M82B-48,12011,20111201,20111208,20111213,3375,1,3375
SO46409,BK-R93R-52,15073,20111202,20111209,20111214,3578,1,3578
SO46410,BK-M82B-38,11548,20111202,20111209,20111214,3375,1,3375
SO46411,BK-R93R-56,24661,20111202,20111209,20111214,3578,1,3578
SO46412,BK-R93R-44,24493,20111202,20111209,20111214,3578,1,3578
SO46413,BK-M82S-44,20075,20111202,20111209,20111214,3400,1,3400
SO46414,BK-R50B-44,15006,20111202,20111209,20111214,699,1,699
SO46415,BK-R93R-62,20819,20111202,20111209,20111214,3578,1,3578
SO46416,BK-R93R-52,12181,20111203,20111210,20111215,3578,1,3578
SO46417,BK-R93R-56,12441,20111203,20111210,20111215,3578,1,3578
SO46418,BK-R93R-48,20988,20111203,20111210,20111215,3578,1,3578
SO46419,BK-M82S-38,12021,20111203,20111210,20111215,3400,1,3400
SO46420,BK-R93R-52,13511,20111203,20111210,20111215,3578,1,3578
SO46421,BK-R50B-62,25949,20111203,20111210,20111215,699,1,699
SO46422,BK-R93R-44,12884,20111204,20111211,20111216,3578,1,3578
SO46423,BK-R93R-52,12362,20111204,20111211,20111216,3578,1,3578
SO46424,BK-R93R-48,12435,20111204,20111211,20111216,3578,1,3578
SO46425,BK-R93R-52,24496,20111204,20111211,20111216,3578,1,3578
SO46426,BK-M82S-38,26107,20111204,20111211,20111216,3400,1,3400
SO46427,BK-M82B-44,20182,20111204,20111211,20111216,3375,1,3375
SO46428,BK-R93R-44,20629,20111204,20111211,20111216,3578,1,3578
SO46429,BK-M82S-42,11428,20111205,20111212,20111217,3400,1,3400
SO46430,BK-R93R-56,13564,20111205,20111212,20111217,3578,1,3578
SO46431,BK-R93R-62,12901,20111205,20111212,20111217,3578,1,3578
SO46432,BK-R50B-52,15016,20111205,20111212,20111217,699,1,699
SO46433,BK-R93R-48,20991,20111205,20111212,20111217,3578,1,3578
SO46434,BK-R93R-52,20996,20111205,20111212,20111217,3578,1,3578
SO46435,BK-M82B-38,12251,20111205,20111212,20111217,3375,1,3375
SO46436,BK-M82S-48,12337,20111205,20111212,20111217,3400,1,3400
SO46437,BK-R93R-52,15054,20111206,20111213,20111218,3578,1,3578
SO46438,BK-R93R-52,12174,20111206,20111213,20111218,3578,1,3578
SO46439,BK-R93R-52,20817,20111206,20111213,20111218,3578,1,3578
SO46440,BK-R93R-48,20621,20111206,20111213,20111218,3578,1,3578
SO46441,BK-R93R-48,15661,20111206,20111213,20111218,3578,1,3578
SO46442,BK-R93R-56,14997,20111206,20111213,20111218,3578,1,3578
SO46443,BK-R93R-56,15662,20111206,20111213,20111218,3578,1,3578
SO46444,BK-M82B-48,12246,20111206,20111213,20111218,3375,1,3375
SO46445,BK-R93R-48,12772,20111207,20111214,20111219,3578,1,3578
SO46446,BK-R93R-48,12777,20111207,20111214,20111219,3578,1,3578
SO46447,BK-R93R-48,20984,20111207,20111214,20111219,3578,1,3578
SO46448,BK-M82S-38,12250,20111207,20111214,20111219,3400,1,3400
SO46449,BK-M82S-42,12007,20111207,20111214,20111219,3400,1,3400
SO46450,BK-R93R-56,12446,20111208,20111215,20111220,3578,1,3578
SO46451,BK-R93R-62,12709,20111208,20111215,20111220,3578,1,3578
SO46452,BK-M82B-42,26112,20111208,20111215,20111220,3375,1,3375
SO46453,BK-R93R-52,20626,20111208,20111215,20111220,3578,1,3578
SO46454,BK-R93R-62,20812,20111208,20111215,20111220,3578,1,3578
SO46455,BK-R93R-56,15669,20111208,20111215,20111220,3578,1,3578
SO46456,BK-M82S-44,12014,20111208,20111215,20111220,3400,1,3400
SO46457,BK-R50R-62,25947,20111208,20111215,20111220,699,1,699
SO46458,BK-R93R-62,12771,20111209,20111216,20111221,3578,1,3578
SO46459,BK-R93R-52,12190,20111209,20111216,20111221,3578,1,3578
SO46460,BK-R93R-48,12438,20111209,20111216,20111221,3578,1,3578
SO46461,BK-R93R-44,20821,20111209,20111216,20111221,3578,1,3578
SO46462,BK-M82S-42,12013,20111209,20111216,20111221,3400,1,3400
SO46463,BK-M82B-38,11423,20111210,20111217,20111222,3375,1,3375
SO46464,BK-R93R-62,12885,20111210,20111217,20111222,3578,1,3578
SO46465,BK-R93R-44,12898,20111210,20111217,20111222,3578,1,3578
SO46466,BK-R93R-44,12915,20111210,20111217,20111222,3578,1,3578
SO46467,BK-R93R-56,12180,20111210,20111217,20111222,3578,1,3578
SO46468,BK-R93R-44,24431,20111210,20111217,20111222,3578,1,3578
SO46469,BK-R50B-58,19033,20111210,20111217,20111222,699,1,699
SO46470,BK-R50R-60,14915,20111210,20111217,20111222,699,1,699
SO46471,BK-R93R-62,14979,20111210,20111217,20111222,3578,1,3578
SO46472,BK-M82S-38,12248,20111210,20111217,20111222,3400,1,3400
SO46473,BK-R93R-44,14969,20111210,20111217,20111222,3578,1,3578
SO46474,BK-R50B-52,25944,20111210,20111217,20111222,699,1,699
SO46475,BK-R50R-60,20575,20111211,20111218,20111223,699,1,699
SO46476,BK-M82B-44,26110,20111211,20111218,20111223,3375,1,3375
SO46477,BK-M82S-44,12009,20111211,20111218,20111223,3400,1,3400
SO46478,BK-R50R-44,25939,20111211,20111218,20111223,699,1,699
SO46479,BK-R93R-62,12768,20111212,20111219,20111224,3578,1,3578
SO46480,BK-M82S-48,26114,20111212,20111219,20111224,3400,1,3400
SO46481,BK-R93R-52,20623,20111212,20111219,20111224,3578,1,3578
SO46482,BK-M82S-44,12245,20111212,20111219,20111224,3400,1,3400
SO46483,BK-R93R-48,12883,20111213,20111220,20111225,3578,1,3578
SO46484,BK-R93R-48,12437,20111213,20111220,20111225,3578,1,3578
SO46485,BK-R93R-52,12755,20111213,20111220,20111225,3578,1,3578
SO46486,BK-R50B-58,19901,20111213,20111220,20111225,699,1,699
SO46487,BK-R50B-44,14913,20111213,20111220,20111225,699,1,699
SO46488,BK-R93R-48,20628,20111213,20111220,20111225,3578,1,3578
SO46489,BK-R93R-52,24666,20111214,20111221,20111226,3578,1,3578
SO46490,BK-R93R-52,12189,20111214,20111221,20111226,3578,1,3578
SO46491,BK-R93R-56,24759,20111215,20111222,20111227,3578,1,3578
SO46492,BK-R93R-48,12198,20111215,20111222,20111227,3578,1,3578
SO46493,BK-R50R-48,15023,20111215,20111222,20111227,699,1,699
SO46494,BK-R93R-52,20983,20111215,20111222,20111227,3578,1,3578
SO46495,BK-R93R-44,20989,20111215,20111222,20111227,3578,1,3578
SO46496,BK-R93R-48,20627,20111215,20111222,20111227,3578,1,3578
SO46497,BK-R93R-62,13558,20111216,20111223,20111228,3578,1,3578
SO46498,BK-R93R-52,12881,20111216,20111223,20111228,3578,1,3578
SO46499,BK-R93R-62,12179,20111216,20111223,20111228,3578,1,3578
SO46500,BK-R93R-56,12208,20111216,20111223,20111228,3578,1,3578
SO46501,BK-R50R-48,19518,20111216,20111223,20111228,699,1,699
SO46502,BK-R50R-48,19051,20111216,20111223,20111228,699,1,699
SO46503,BK-R93R-62,12764,20111216,20111223,20111228,3578,1,3578
SO46504,BK-R50B-52,15005,20111216,20111223,20111228,699,1,699
SO46505,BK-M82S-48,12241,20111216,20111223,20111228,3400,1,3400
SO46506,BK-M82B-42,12242,20111216,20111223,20111228,3375,1,3375
SO46507,BK-R50R-58,25941,20111216,20111223,20111228,699,1,699
SO46508,BK-M82B-42,28504,20111217,20111224,20111229,3375,1,3375
SO46509,BK-R93R-62,12886,20111217,20111224,20111229,3578,1,3578
SO46510,BK-R93R-44,24386,20111217,20111224,20111229,3578,1,3578
SO46511,BK-R93R-52,24392,20111217,20111224,20111229,3578,1,3578
SO46512,BK-R93R-44,12209,20111217,20111224,20111229,3578,1,3578
SO46513,BK-R93R-52,24418,20111217,20111224,20111229,3578,1,3578
SO46514,BK-R50B-52,19028,20111217,20111224,20111229,699,1,699
SO46515,BK-R50B-48,19904,20111217,20111224,20111229,699,1,699
SO46516,BK-M82B-48,26116,20111217,20111224,20111229,3375,1,3375
SO46517,BK-R93R-52,20624,20111217,20111224,20111229,3578,1,3578
SO46518,BK-R93R-56,20814,20111217,20111224,20111229,3578,1,3578
SO46519,BK-R93R-62,15660,20111217,20111224,20111229,3578,1,3578
SO46520,BK-R93R-48,24491,20111217,20111224,20111229,3578,1,3578
SO46521,BK-R93R-62,12770,20111218,20111225,20111230,3578,1,3578
SO46522,BK-R93R-48,12882,20111218,20111225,20111230,3578,1,3578
SO46523,BK-R93R-52,12756,20111218,20111225,20111230,3578,1,3578
SO46524,BK-M82B-48,26111,20111218,20111225,20111230,3375,1,3375
SO46525,BK-R93R-56,20816,20111218,20111225,20111230,3578,1,3578
SO46526,BK-M82S-48,12253,20111218,20111225,20111230,3400,1,3400
SO46527,BK-R50B-60,25940,20111218,20111225,20111230,699,1,699
SO46528,BK-R93R-44,15063,20111219,20111226,20111231,3578,1,3578
SO46529,BK-R93R-56,12784,20111219,20111226,20111231,3578,1,3578
SO46530,BK-R93R-52,24671,20111219,20111226,20111231,3578,1,3578
SO46531,BK-R93R-62,12423,20111219,20111226,20111231,3578,1,3578
SO46532,BK-R50B-44,19041,20111219,20111226,20111231,699,1,699
SO46533,BK-M82B-38,26106,20111219,20111226,20111231,3375,1,3375
SO46534,BK-R93R-48,20620,20111219,20111226,20111231,3578,1,3578
SO46535,BK-R93R-62,20815,20111219,20111226,20111231,3578,1,3578
SO46536,BK-R93R-44,13556,20111219,20111226,20111231,3578,1,3578
SO46537,BK-M82S-38,11427,20111220,20111227,20120101,3400,1,3400
SO46538,BK-R93R-62,12774,20111220,20111227,20120101,3578,1,3578
SO46539,BK-R93R-56,12200,20111220,20111227,20120101,3578,1,3578
SO46540,BK-R93R-56,20822,20111220,20111227,20120101,3578,1,3578
SO46541,BK-R93R-62,20617,20111220,20111227,20120101,3578,1,3578
SO46542,BK-M82S-48,11431,20111221,20111228,20120102,3400,1,3400
SO46543,BK-M82S-42,11549,20111221,20111228,20120102,3400,1,3400
SO46544,BK-R93R-44,12766,20111221,20111228,20120102,3578,1,3578
SO46545,BK-R93R-62,24646,20111221,20111228,20120102,3578,1,3578
SO46546,BK-R93R-62,12780,20111221,20111228,20120102,3578,1,3578
SO46547,BK-R93R-52,12917,20111221,20111228,20120102,3578,1,3578
SO46548,BK-R93R-62,12418,20111221,20111228,20120102,3578,1,3578
SO46549,BK-R93R-52,12452,20111221,20111228,20120102,3578,1,3578
SO46550,BK-M82B-44,26097,20111221,20111228,20120102,3375,1,3375
SO46551,BK-R50R-52,14914,20111221,20111228,20120102,699,1,699
SO46552,BK-R50R-48,15017,20111221,20111228,20120102,699,1,699
SO46553,BK-R93R-48,20985,20111221,20111228,20120102,3578,1,3578
SO46554,BK-R93R-52,20990,20111221,20111228,20120102,3578,1,3578
SO46555,BK-M82B-48,12010,20111221,20111228,20120102,3375,1,3375
SO46556,BK-R50R-44,25948,20111221,20111228,20120102,699,1,699
SO46557,BK-R93R-62,12904,20111222,20111229,20120103,3578,1,3578
SO46558,BK-R93R-56,12184,20111222,20111229,20120103,3578,1,3578
SO46559,BK-R93R-62,12762,20111222,20111229,20120103,3578,1,3578
SO46560,BK-M82S-38,26096,20111222,20111229,20120103,3400,1,3400
SO46561,BK-R93R-48,20625,20111222,20111229,20120103,3578,1,3578
SO46562,BK-R93R-44,14978,20111222,20111229,20120103,3578,1,3578
SO46563,BK-R50R-58,25945,20111222,20111229,20120103,699,1,699
SO46564,BK-M82S-48,11494,20111223,20111230,20120104,3400,1,3400
SO46565,BK-R93R-44,12769,20111223,20111230,20120104,3578,1,3578
SO46566,BK-R93R-44,12789,20111223,20111230,20120104,3578,1,3578
SO46567,BK-R93R-52,12707,20111223,20111230,20120104,3578,1,3578
SO46568,BK-R93R-48,12761,20111223,20111230,20120104,3578,1,3578
SO46569,BK-R93R-48,12450,20111224,20111231,20120105,3578,1,3578
SO46570,BK-R93R-52,13536,20111224,20111231,20120105,3578,1,3578
SO46571,BK-R93R-52,15668,20111224,20111231,20120105,3578,1,3578
SO46572,BK-R93R-56,13552,20111224,20111231,20120105,3578,1,3578
SO46573,BK-R93R-56,13555,20111224,20111231,20120105,3578,1,3578
SO46574,BK-M82B-38,12243,20111224,20111231,20120105,3375,1,3375
SO46575,BK-M82B-48,12338,20111224,20111231,20120105,3375,1,3375
SO46576,BK-R93R-62,24757,20111225,20120101,20120106,3578,1,3578
SO46577,BK-R93R-44,12913,20111225,20120101,20120106,3578,1,3578
SO46578,BK-R93R-56,12178,20111225,20120101,20120106,3578,1,3578
SO46579,BK-R93R-44,12186,20111225,20120101,20120106,3578,1,3578
SO46580,BK-R93R-62,12187,20111225,20120101,20120106,3578,1,3578
SO46581,BK-R93R-56,12188,20111225,20120101,20120106,3578,1,3578
SO46582,BK-R93R-56,12207,20111225,20120101,20120106,3578,1,3578
SO46583,BK-R93R-62,20622,20111225,20120101,20120106,3578,1,3578
SO46584,BK-M82B-38,12252,20111225,20120101,20120106,3375,1,3375
SO46585,BK-R93R-56,15050,20111226,20120102,20120107,3578,1,3578
SO46586,BK-R93R-52,12364,20111226,20120102,20120107,3578,1,3578
SO46587,BK-R93R-56,12448,20111226,20120102,20120107,3578,1,3578
SO46588,BK-M82B-48,20035,20111226,20120102,20120107,3375,1,3375
SO46589,BK-R50R-44,25946,20111226,20120102,20120107,699,1,699
SO46590,BK-R93R-48,24501,20111227,20120103,20120108,3578,1,3578
SO46591,BK-R93R-62,12773,20111227,20120103,20120108,3578,1,3578
SO46592,BK-R93R-52,24664,20111227,20120103,20120108,3578,1,3578
SO46593,BK-R93R-56,12912,20111227,20120103,20120108,3578,1,3578
SO46594,BK-R93R-56,20818,20111227,20120103,20120108,3578,1,3578
SO46595,BK-R93R-48,15691,20111227,20120103,20120108,3578,1,3578
SO46596,BK-M82B-42,12037,20111227,20120103,20120108,3375,1,3375
SO46597,BK-M82B-38,12039,20111227,20120103,20120108,3375,1,3375
SO46598,BK-R93R-44,15080,20111228,20120104,20120109,3578,1,3578
SO46599,BK-R93R-62,12206,20111228,20120104,20120109,3578,1,3578
SO46600,BK-R50B-60,19027,20111228,20120104,20120109,699,1,699
SO46601,BK-M82S-42,26098,20111228,20120104,20120109,3400,1,3400
SO46602,BK-R93R-48,20823,20111228,20120104,20120109,3578,1,3578
SO46603,BK-M82S-42,12240,20111228,20120104,20120109,3400,1,3400
SO46676,BK-R64Y-42,18047,20111229,20120105,20120110,1000,1,1000
SO46677,BK-R89R-58,15460,20111229,20120105,20120110,2182,1,2182
SO46678,BK-R50R-52,19930,20111229,20120105,20120110,783,1,783
SO46679,BK-R89B-44,13062,20111229,20120105,20120110,2182,1,2182
SO46680,BK-R89R-58,21193,20111229,20120105,20120110,2182,1,2182
SO46681,BK-M68B-46,12349,20111229,20120105,20120110,2049,1,2049
SO46682,BK-M68B-38,12355,20111229,20120105,20120110,2049,1,2049
SO46683,BK-M68S-42,12571,20111229,20120105,20120110,2071,1,2071
SO46684,BK-R64Y-38,18125,20111230,20120106,20120111,1000,1,1000
SO46685,BK-R89B-52,12947,20111230,20120106,20120111,2182,1,2182
SO46686,BK-R50R-62,20577,20111230,20120106,20120111,783,1,783
SO46687,BK-R89B-58,15457,20111231,20120107,20120112,2182,1,2182
SO46688,BK-R89R-48,12929,20111231,20120107,20120112,2443,1,2443
SO46689,BK-R89R-48,13032,20111231,20120107,20120112,2443,1,2443
SO46690,BK-R89R-44,13039,20111231,20120107,20120112,2443,1,2443
SO46691,BK-R89R-44,13142,20111231,20120107,20120112,2443,1,2443
SO46692,BK-R89R-48,13208,20111231,20120107,20120112,2443,1,2443
SO46693,BK-R89B-44,13210,20111231,20120107,20120112,2182,1,2182
SO46694,BK-R89B-44,13220,20111231,20120107,20120112,2182,1,2182
SO46695,BK-M68B-38,20208,20111231,20120107,20120112,2049,1,2049
SO46696,BK-R89R-52,21166,20111231,20120107,20120112,2443,1,2443
SO46697,BK-R89R-58,21173,20111231,20120107,20120112,2182,1,2182
SO46698,BK-R89B-52,21206,20111231,20120107,20120112,2182,1,2182
SO46699,BK-R50R-48,25961,20111231,20120107,20120112,783,1,783
SO46700,BK-R64Y-38,16942,20120101,20120108,20120113,1000,1,1000
SO46701,BK-R89B-48,15114,20120101,20120108,20120113,2182,1,2182
SO46702,BK-R89R-48,15116,20120101,20120108,20120113,2443,1,2443
SO46703,BK-R50B-62,20576,20120101,20120108,20120113,783,1,783
SO46704,BK-R89R-52,13059,20120101,20120108,20120113,2443,1,2443
SO46705,BK-R89R-52,13085,20120101,20120108,20120113,2443,1,2443
SO46706,BK-M68S-38,20186,20120101,20120108,20120113,2071,1,2071
SO46707,BK-R50B-62,15199,20120101,20120108,20120113,783,1,783
SO46708,BK-R89B-52,21200,20120101,20120108,20120113,2182,1,2182
SO46709,BK-R64Y-44,19172,20120102,20120109,20120114,1000,1,1000
SO46710,BK-M68S-46,11484,20120102,20120109,20120114,2071,1,2071
SO46711,BK-R89R-48,13592,20120102,20120109,20120114,2443,1,2443
SO46712,BK-R89B-44,13779,20120102,20120109,20120114,2182,1,2182
SO46713,BK-R89R-58,24778,20120102,20120109,20120114,2182,1,2182
SO46714,BK-R89R-44,13093,20120102,20120109,20120114,2443,1,2443
SO46715,BK-R89B-48,24976,20120102,20120109,20120114,2182,1,2182
SO46716,BK-R89B-48,25046,20120102,20120109,20120114,2182,1,2182
SO46717,BK-R89R-44,25048,20120102,20120109,20120114,2443,1,2443
SO46718,BK-M68B-42,12570,20120102,20120109,20120114,2049,1,2049
SO46719,BK-M68B-46,11604,20120103,20120110,20120115,2049,1,2049
SO46720,BK-R89R-58,13667,20120103,20120110,20120115,2182,1,2182
SO46721,BK-R89R-52,16046,20120103,20120110,20120115,2443,1,2443
SO46722,BK-R64Y-42,17095,20120103,20120110,20120115,1000,1,1000
SO46723,BK-R89R-44,12918,20120103,20120110,20120115,2443,1,2443
SO46724,BK-R89R-44,28663,20120103,20120110,20120115,2443,1,2443
SO46725,BK-R89R-48,21191,20120103,20120110,20120115,2443,1,2443
SO46726,BK-R89B-44,20999,20120103,20120110,20120115,2182,1,2182
SO46727,BK-R89R-52,21002,20120103,20120110,20120115,2443,1,2443
SO46728,BK-M68B-38,12354,20120103,20120110,20120115,2049,1,2049
SO46729,BK-R50R-58,26019,20120103,20120110,20120115,783,1,783
SO46730,BK-R89B-58,15100,20120104,20120111,20120116,2182,1,2182
SO46731,BK-R89R-58,15101,20120104,20120111,20120116,2182,1,2182
SO46732,BK-R64Y-42,13992,20120104,20120111,20120116,1000,1,1000
SO46733,BK-R89B-48,24781,20120104,20120111,20120116,2182,1,2182
SO46734,BK-R89B-48,13060,20120104,20120111,20120116,2182,1,2182
SO46735,BK-R89R-58,13226,20120104,20120111,20120116,2182,1,2182
SO46736,BK-M68B-42,12341,20120104,20120111,20120116,2049,1,2049
SO46737,BK-M68S-42,12346,20120104,20120111,20120116,2071,1,2071
SO46738,BK-M68B-46,12576,20120104,20120111,20120116,2049,1,2049
SO46739,BK-R89B-44,15699,20120105,20120112,20120117,2182,1,2182
SO46740,BK-R89B-58,12980,20120105,20120112,20120117,2182,1,2182
SO46741,BK-R89R-52,28766,20120105,20120112,20120117,2443,1,2443
SO46742,BK-M68B-38,20206,20120105,20120112,20120117,2049,1,2049
SO46743,BK-R89B-44,21183,20120105,20120112,20120117,2182,1,2182
SO46744,BK-R89R-52,21199,20120105,20120112,20120117,2443,1,2443
SO46745,BK-R89R-48,13056,20120106,20120113,20120118,2443,1,2443
SO46746,BK-R89R-44,13057,20120106,20120113,20120118,2443,1,2443
SO46747,BK-M68B-42,26127,20120106,20120113,20120118,2049,1,2049
SO46748,BK-M68B-42,26252,20120106,20120113,20120118,2049,1,2049
SO46749,BK-M68S-42,12350,20120106,20120113,20120118,2071,1,2071
SO46750,BK-R89B-52,16054,20120107,20120114,20120119,2182,1,2182
SO46751,BK-R89B-52,12934,20120107,20120114,20120119,2182,1,2182
SO46752,BK-R50B-52,19931,20120107,20120114,20120119,783,1,783
SO46753,BK-R89B-58,21215,20120107,20120114,20120119,2182,1,2182
SO46754,BK-R50R-58,25958,20120107,20120114,20120119,783,1,783
SO46755,BK-R50B-52,26023,20120107,20120114,20120119,783,1,783
SO46756,BK-R64Y-40,13993,20120107,20120114,20120119,1000,1,1000
SO46757,BK-M68S-42,26174,20120108,20120115,20120120,2071,1,2071
SO46758,BK-R64Y-44,18130,20120108,20120115,20120120,1000,1,1000
SO46759,BK-R89B-44,16033,20120108,20120115,20120120,2182,1,2182
SO46760,BK-R64Y-44,13986,20120108,20120115,20120120,1000,1,1000
SO46761,BK-R50R-62,19924,20120108,20120115,20120120,783,1,783
SO46762,BK-R89R-44,13063,20120108,20120115,20120120,2443,1,2443
SO46763,BK-R89B-48,13202,20120108,20120115,20120120,2182,1,2182
SO46764,BK-M68B-42,26238,20120108,20120115,20120120,2049,1,2049
SO46765,BK-R50B-58,15191,20120108,20120115,20120120,783,1,783
SO46766,BK-R89R-48,21216,20120108,20120115,20120120,2443,1,2443
SO46767,BK-M68B-46,12573,20120108,20120115,20120120,2049,1,2049
SO46768,BK-R50B-44,26020,20120108,20120115,20120120,783,1,783
SO46769,BK-R89B-52,15702,20120109,20120116,20120121,2182,1,2182
SO46770,BK-R89R-52,15357,20120109,20120116,20120121,2443,1,2443
SO46771,BK-R89B-52,13068,20120109,20120116,20120121,2182,1,2182
SO46772,BK-R89B-48,13161,20120109,20120116,20120121,2182,1,2182
SO46773,BK-R89R-58,13173,20120109,20120116,20120121,2182,1,2182
SO46774,BK-R89B-48,13225,20120109,20120116,20120121,2182,1,2182
SO46775,BK-M68S-38,26249,20120109,20120116,20120121,2071,1,2071
SO46776,BK-M68B-42,12356,20120109,20120116,20120121,2049,1,2049
SO46777,BK-M68S-46,11568,20120110,20120117,20120122,2071,1,2071
SO46778,BK-M68S-38,11610,20120110,20120117,20120122,2071,1,2071
SO46779,BK-R89B-52,15929,20120110,20120117,20120122,2182,1,2182
SO46780,BK-R89B-58,12942,20120110,20120117,20120122,2182,1,2182
SO46781,BK-R89B-58,12949,20120110,20120117,20120122,2182,1,2182
SO46782,BK-R89R-58,12975,20120110,20120117,20120122,2182,1,2182
SO46783,BK-R50B-62,19069,20120110,20120117,20120122,783,1,783
SO46784,BK-R89B-48,13178,20120110,20120117,20120122,2182,1,2182
SO46785,BK-R89B-44,13190,20120110,20120117,20120122,2182,1,2182
SO46786,BK-M68S-42,26201,20120110,20120117,20120122,2071,1,2071
SO46787,BK-R50B-58,15195,20120110,20120117,20120122,783,1,783
SO46788,BK-M68B-38,12342,20120110,20120117,20120122,2049,1,2049
SO46789,BK-M68B-38,28506,20120111,20120118,20120123,2049,1,2049
SO46790,BK-R89B-58,12930,20120111,20120118,20120123,2182,1,2182
SO46791,BK-R89R-48,13016,20120111,20120118,20120123,2443,1,2443
SO46792,BK-R89B-44,13083,20120111,20120118,20120123,2182,1,2182
SO46793,BK-R89B-48,13214,20120111,20120118,20120123,2182,1,2182
SO46794,BK-R89B-44,24977,20120111,20120118,20120123,2182,1,2182
SO46795,BK-M68B-46,26234,20120111,20120118,20120123,2049,1,2049
SO46796,BK-M68B-42,26247,20120111,20120118,20120123,2049,1,2049
SO46797,BK-R89R-58,21197,20120111,20120118,20120123,2182,1,2182
SO46798,BK-R89R-44,21201,20120111,20120118,20120123,2443,1,2443
SO46799,BK-R89R-58,13662,20120112,20120119,20120124,2182,1,2182
SO46800,BK-R89R-52,13019,20120112,20120119,20120124,2443,1,2443
SO46801,BK-R89R-44,25094,20120112,20120119,20120124,2443,1,2443
SO46802,BK-R50B-62,15188,20120112,20120119,20120124,783,1,783
SO46803,BK-R89B-58,13595,20120113,20120120,20120125,2182,1,2182
SO46804,BK-R50R-60,19052,20120113,20120120,20120125,783,1,783
SO46805,BK-R89B-44,13055,20120113,20120120,20120125,2182,1,2182
SO46806,BK-R89R-52,21195,20120113,20120120,20120125,2443,1,2443
SO46807,BK-M68S-42,12339,20120113,20120120,20120125,2071,1,2071
SO46808,BK-M68B-42,12347,20120113,20120120,20120125,2049,1,2049
SO46809,BK-R89R-58,13766,20120114,20120121,20120126,2182,1,2182
SO46810,BK-R89R-52,15622,20120114,20120121,20120126,2443,1,2443
SO46811,BK-R89R-48,12941,20120114,20120121,20120126,2443,1,2443
SO46812,BK-R89R-58,13069,20120114,20120121,20120126,2182,1,2182
SO46813,BK-R89B-58,13152,20120114,20120121,20120126,2182,1,2182
SO46814,BK-R89R-58,13165,20120114,20120121,20120126,2182,1,2182
SO46815,BK-R89B-48,25093,20120114,20120121,20120126,2182,1,2182
SO46816,BK-R89R-52,13230,20120114,20120121,20120126,2443,1,2443
SO46817,BK-M68S-46,26121,20120114,20120121,20120126,2071,1,2071
SO46818,BK-R89R-48,21211,20120114,20120121,20120126,2443,1,2443
SO46819,BK-R89R-44,21001,20120114,20120121,20120126,2443,1,2443
SO46820,BK-M68S-38,28510,20120115,20120122,20120127,2071,1,2071
SO46821,BK-R89B-52,24824,20120115,20120122,20120127,2182,1,2182
SO46822,BK-R50R-62,15155,20120115,20120122,20120127,783,1,783
SO46823,BK-R50R-60,15193,20120115,20120122,20120127,783,1,783
SO46824,BK-R64Y-42,24608,20120115,20120122,20120127,1000,1,1000
SO46825,BK-M68S-42,12574,20120115,20120122,20120127,2071,1,2071
SO46826,BK-M68B-42,12575,20120115,20120122,20120127,2049,1,2049
SO46827,BK-R89B-44,13799,20120116,20120123,20120128,2182,1,2182
SO46828,BK-R64Y-42,13990,20120116,20120123,20120128,1000,1,1000
SO46829,BK-R89R-48,24786,20120116,20120123,20120128,2443,1,2443
SO46830,BK-R50B-62,19910,20120116,20120123,20120128,783,1,783
SO46831,BK-R89R-48,13066,20120116,20120123,20120128,2443,1,2443
SO46832,BK-M68S-38,20188,20120116,20120123,20120128,2071,1,2071
SO46833,BK-M68S-42,12360,20120116,20120123,20120128,2071,1,2071
SO46834,BK-R89B-58,12923,20120116,20120123,20120128,2182,1,2182
SO46835,BK-R89R-58,13768,20120117,20120124,20120129,2182,1,2182
SO46836,BK-R89B-52,13769,20120117,20120124,20120129,2182,1,2182
SO46837,BK-R64Y-38,14003,20120117,20120124,20120129,1000,1,1000
SO46838,BK-R89B-48,12922,20120117,20120124,20120129,2182,1,2182
SO46839,BK-R89B-48,24817,20120117,20120124,20120129,2182,1,2182
SO46840,BK-R89R-48,13058,20120117,20120124,20120129,2443,1,2443
SO46841,BK-R89R-58,13174,20120117,20120124,20120129,2182,1,2182
SO46842,BK-R50R-58,15166,20120117,20120124,20120129,783,1,783
SO46843,BK-R89B-48,21168,20120117,20120124,20120129,2182,1,2182
SO46844,BK-M68B-38,12343,20120117,20120124,20120129,2049,1,2049
SO46845,BK-M68B-38,11603,20120118,20120125,20120130,2049,1,2049
SO46846,BK-R89B-44,13575,20120118,20120125,20120130,2182,1,2182
SO46847,BK-R89R-58,13793,20120118,20120125,20120130,2182,1,2182
SO46848,BK-R89R-58,16201,20120118,20120125,20120130,2182,1,2182
SO46849,BK-R89R-52,24960,20120118,20120125,20120130,2443,1,2443
SO46850,BK-R89R-52,13221,20120118,20120125,20120130,2443,1,2443
SO46851,BK-M68B-42,20209,20120118,20120125,20120130,2049,1,2049
SO46852,BK-R50B-58,15194,20120118,20120125,20120130,783,1,783
SO46853,BK-R89R-44,21192,20120118,20120125,20120130,2443,1,2443
SO46854,BK-R89B-48,20997,20120118,20120125,20120130,2182,1,2182
SO46855,BK-R89B-58,15117,20120119,20120126,20120131,2182,1,2182
SO46856,BK-R89R-52,12935,20120119,20120126,20120131,2443,1,2443
SO46857,BK-R89R-58,13064,20120119,20120126,20120131,2182,1,2182
SO46858,BK-R89R-52,13067,20120119,20120126,20120131,2443,1,2443
SO46859,BK-R89R-52,13205,20120119,20120126,20120131,2443,1,2443
SO46860,BK-R89R-58,21180,20120119,20120126,20120131,2182,1,2182
SO46861,BK-R89B-52,21214,20120119,20120126,20120131,2182,1,2182
SO46862,BK-M68B-46,11550,20120120,20120127,20120201,2049,1,2049
SO46863,BK-M68B-46,11575,20120120,20120127,20120201,2049,1,2049
SO46864,BK-R89B-44,16045,20120120,20120127,20120201,2182,1,2182
SO46865,BK-R89B-48,15456,20120120,20120127,20120201,2182,1,2182
SO46866,BK-R89R-48,12981,20120120,20120127,20120201,2443,1,2443
SO46867,BK-R89B-52,13029,20120120,20120127,20120201,2182,1,2182
SO46868,BK-R89R-48,13189,20120120,20120127,20120201,2443,1,2443
SO46869,BK-R89B-58,13577,20120121,20120128,20120202,2182,1,2182
SO46870,BK-R89R-44,13605,20120121,20120128,20120202,2443,1,2443
SO46871,BK-R89R-52,13800,20120121,20120128,20120202,2443,1,2443
SO46872,BK-R64Y-42,19186,20120121,20120128,20120202,1000,1,1000
SO46873,BK-R89B-52,21167,20120121,20120128,20120202,2182,1,2182
SO46874,BK-R64Y-38,24606,20120121,20120128,20120202,1000,1,1000
SO46875,BK-M68B-46,11470,20120122,20120129,20120203,2049,1,2049
SO46876,BK-R89B-48,15084,20120122,20120129,20120203,2182,1,2182
SO46877,BK-R89R-52,12926,20120122,20120129,20120203,2443,1,2443
SO46878,BK-R89R-48,25061,20120122,20120129,20120203,2443,1,2443
SO46879,BK-R89B-58,13224,20120122,20120129,20120203,2182,1,2182
SO46880,BK-R50B-60,15167,20120122,20120129,20120203,783,1,783
SO46881,BK-M68S-42,12572,20120122,20120129,20120203,2071,1,2071
SO46882,BK-R50B-52,25960,20120122,20120129,20120203,783,1,783
SO46883,BK-M68S-38,26241,20120122,20120129,20120203,2071,1,2071
SO46884,BK-R89R-44,13565,20120123,20120130,20120204,2443,1,2443
SO46885,BK-R89B-44,15933,20120123,20120130,20120204,2182,1,2182
SO46886,BK-R89B-52,28669,20120123,20120130,20120204,2182,1,2182
SO46887,BK-M68B-46,12340,20120123,20120130,20120204,2049,1,2049
SO46888,BK-R50R-62,26021,20120123,20120130,20120204,783,1,783
SO46889,BK-R64Y-40,19173,20120124,20120131,20120205,1000,1,1000
SO46890,BK-R89R-44,12921,20120124,20120131,20120205,2443,1,2443
SO46891,BK-R50R-62,20592,20120124,20120131,20120205,783,1,783
SO46892,BK-R89R-52,13086,20120124,20120131,20120205,2443,1,2443
SO46893,BK-R89R-48,28659,20120124,20120131,20120205,2443,1,2443
SO46894,BK-M68S-46,26120,20120124,20120131,20120205,2071,1,2071
SO46895,BK-M68S-42,26183,20120124,20120131,20120205,2071,1,2071
SO46896,BK-R50B-58,15189,20120124,20120131,20120205,783,1,783
SO46897,BK-R89R-44,21179,20120124,20120131,20120205,2443,1,2443
SO46898,BK-R89R-48,21205,20120124,20120131,20120205,2443,1,2443
SO46899,BK-R64Y-38,13999,20120125,20120201,20120206,1000,1,1000
SO46900,BK-R89B-48,21194,20120125,20120201,20120206,2182,1,2182
SO46901,BK-R89B-48,21203,20120125,20120201,20120206,2182,1,2182
SO46902,BK-R89B-48,21000,20120125,20120201,20120206,2182,1,2182
SO46903,BK-M68S-42,12353,20120125,20120201,20120206,2071,1,2071
SO46904,BK-R64Y-44,17080,20120126,20120202,20120207,1000,1,1000
SO46905,BK-R89B-48,16053,20120126,20120202,20120207,2182,1,2182
SO46906,BK-R89R-44,12950,20120126,20120202,20120207,2443,1,2443
SO46907,BK-R89R-44,13087,20120126,20120202,20120207,2443,1,2443
SO46908,BK-R89R-52,21189,20120126,20120202,20120207,2443,1,2443
SO46909,BK-R89B-58,20998,20120126,20120202,20120207,2182,1,2182
SO46910,BK-R50R-52,20710,20120127,20120203,20120208,783,1,783
SO46911,BK-R89B-52,24832,20120127,20120203,20120208,2182,1,2182
SO46912,BK-R89B-52,13177,20120127,20120203,20120208,2182,1,2182
SO46913,BK-R89B-48,13212,20120127,20120203,20120208,2182,1,2182
SO46914,BK-M68S-46,26245,20120127,20120203,20120208,2071,1,2071
SO46915,BK-M68B-46,26276,20120127,20120203,20120208,2049,1,2049
SO46916,BK-R50R-48,15196,20120127,20120203,20120208,783,1,783
SO46917,BK-R89R-58,21202,20120127,20120203,20120208,2182,1,2182
SO46918,BK-R50B-52,26022,20120127,20120203,20120208,783,1,783
SO46919,BK-M68B-46,11481,20120127,20120203,20120208,2049,1,2049
SO46920,BK-M68B-46,11609,20120128,20120204,20120209,2049,1,2049
SO46921,BK-R89R-58,15454,20120128,20120204,20120209,2182,1,2182
SO46922,BK-R89R-44,13088,20120128,20120204,20120209,2443,1,2443
SO46923,BK-R89R-48,13176,20120128,20120204,20120209,2443,1,2443
SO46924,BK-R89B-48,13203,20120128,20120204,20120209,2182,1,2182
SO46925,BK-R89B-44,21165,20120128,20120204,20120209,2182,1,2182
SO46926,BK-R89B-52,21169,20120128,20120204,20120209,2182,1,2182
SO46927,BK-M68B-46,12348,20120128,20120204,20120209,2049,1,2049
SO46928,BK-M68S-46,12358,20120128,20120204,20120209,2071,1,2071
SO47068,BK-R89R-52,13246,20120129,20120205,20120210,2443,1,2443
SO47069,BK-R64Y-40,14017,20120129,20120205,20120210,1000,1,1000
SO47070,BK-R64Y-44,14025,20120129,20120205,20120210,1000,1,1000
SO47071,BK-R89R-48,15667,20120129,20120205,20120210,2443,1,2443
SO47072,BK-R50B-48,20062,20120129,20120205,20120210,783,1,783
SO47073,BK-R89R-48,25287,20120129,20120205,20120210,2443,1,2443
SO47074,BK-M68B-46,26293,20120129,20120205,20120210,2049,1,2049
SO47075,BK-M68B-42,12685,20120129,20120205,20120210,2049,1,2049
SO47076,BK-M68B-46,12588,20120129,20120205,20120210,2049,1,2049
SO47077,BK-R89R-48,16329,20120130,20120206,20120211,2443,1,2443
SO47078,BK-R89B-48,13248,20120130,20120206,20120211,2182,1,2182
SO47079,BK-R89B-48,13359,20120130,20120206,20120211,2182,1,2182
SO47080,BK-M68B-42,26302,20120130,20120206,20120211,2049,1,2049
SO47081,BK-R50B-48,15203,20120130,20120206,20120211,783,1,783
SO47082,BK-R50R-60,15254,20120130,20120206,20120211,783,1,783
SO47083,BK-R50R-48,15288,20120130,20120206,20120211,783,1,783
SO47084,BK-R89R-52,21561,20120130,20120206,20120211,2443,1,2443
SO47085,BK-R89B-58,16311,20120131,20120207,20120212,2182,1,2182
SO47086,BK-R89B-44,13378,20120131,20120207,20120212,2182,1,2182
SO47087,BK-R89B-52,13383,20120131,20120207,20120212,2182,1,2182
SO47088,BK-R89R-48,13274,20120131,20120207,20120212,2443,1,2443
SO47089,BK-R50B-48,15284,20120131,20120207,20120212,783,1,783
SO47090,BK-R89B-52,21394,20120131,20120207,20120212,2182,1,2182
SO47091,BK-M68S-42,28532,20120201,20120208,20120213,2071,1,2071
SO47092,BK-R89R-48,28802,20120201,20120208,20120213,2443,1,2443
SO47093,BK-R89R-48,13380,20120201,20120208,20120213,2443,1,2443
SO47094,BK-R89B-52,15664,20120201,20120208,20120213,2182,1,2182
SO47095,BK-R89R-52,25095,20120201,20120208,20120213,2443,1,2443
SO47096,BK-M68S-42,26283,20120201,20120208,20120213,2071,1,2071
SO47097,BK-R89R-52,21257,20120201,20120208,20120213,2443,1,2443
SO47098,BK-M68B-42,12667,20120201,20120208,20120213,2049,1,2049
SO47099,BK-R50R-62,26134,20120201,20120208,20120213,783,1,783
SO47100,BK-M68B-42,11612,20120202,20120209,20120214,2049,1,2049
SO47101,BK-R89R-58,16260,20120202,20120209,20120214,2182,1,2182
SO47102,BK-R89R-52,13424,20120202,20120209,20120214,2443,1,2443
SO47103,BK-R89R-44,13369,20120202,20120209,20120214,2443,1,2443
SO47104,BK-R89B-58,13279,20120202,20120209,20120214,2182,1,2182
SO47105,BK-R89R-58,13319,20120202,20120209,20120214,2182,1,2182
SO47106,BK-R89R-48,25361,20120202,20120209,20120214,2443,1,2443
SO47107,BK-M68S-38,11616,20120203,20120210,20120215,2071,1,2071
SO47108,BK-R89R-48,13839,20120203,20120210,20120215,2443,1,2443
SO47109,BK-R89B-48,28819,20120203,20120210,20120215,2182,1,2182
SO47110,BK-R89R-52,28850,20120203,20120210,20120215,2443,1,2443
SO47111,BK-R89R-48,25100,20120203,20120210,20120215,2443,1,2443
SO47112,BK-M68S-46,20318,20120203,20120210,20120215,2071,1,2071
SO47113,BK-R50B-52,15255,20120203,20120210,20120215,783,1,783
SO47114,BK-R89B-44,21387,20120203,20120210,20120215,2182,1,2182
SO47115,BK-R89R-52,21393,20120203,20120210,20120215,2443,1,2443
SO47116,BK-R64Y-44,24611,20120203,20120210,20120215,1000,1,1000
SO47117,BK-M68S-42,12586,20120203,20120210,20120215,2071,1,2071
SO47118,BK-M68B-46,28541,20120203,20120210,20120215,2049,1,2049
SO47119,BK-R89R-44,16275,20120204,20120211,20120216,2443,1,2443
SO47120,BK-R64Y-38,14006,20120204,20120211,20120216,1000,1,1000
SO47121,BK-R89B-48,28832,20120204,20120211,20120216,2182,1,2182
SO47122,BK-R89R-58,13362,20120204,20120211,20120216,2182,1,2182
SO47123,BK-R89R-58,25408,20120204,20120211,20120216,2182,1,2182
SO47124,BK-R89R-58,13384,20120204,20120211,20120216,2182,1,2182
SO47125,BK-R89B-48,13325,20120204,20120211,20120216,2182,1,2182
SO47126,BK-R89R-58,13326,20120204,20120211,20120216,2182,1,2182
SO47127,BK-R89R-58,21258,20120204,20120211,20120216,2182,1,2182
SO47128,BK-R89R-44,21556,20120204,20120211,20120216,2443,1,2443
SO47129,BK-M68S-38,12677,20120204,20120211,20120216,2071,1,2071
SO47130,BK-R89B-48,16406,20120205,20120212,20120217,2182,1,2182
SO47131,BK-R89R-58,13243,20120205,20120212,20120217,2182,1,2182
SO47132,BK-R89B-48,13283,20120205,20120212,20120217,2182,1,2182
SO47133,BK-R89B-58,13357,20120205,20120212,20120217,2182,1,2182
SO47134,BK-M68S-42,26296,20120205,20120212,20120217,2071,1,2071
SO47135,BK-R50B-52,27027,20120205,20120212,20120217,783,1,783
SO47136,BK-R89B-58,21389,20120205,20120212,20120217,2182,1,2182
SO47137,BK-R89R-58,13348,20120205,20120212,20120217,2182,1,2182
SO47138,BK-R89B-58,16308,20120206,20120213,20120218,2182,1,2182
SO47139,BK-R89B-48,13238,20120206,20120213,20120218,2182,1,2182
SO47140,BK-M68S-46,26290,20120206,20120213,20120218,2071,1,2071
SO47141,BK-R89R-58,21225,20120206,20120213,20120218,2182,1,2182
SO47142,BK-R89R-48,21230,20120206,20120213,20120218,2443,1,2443
SO47143,BK-M68B-46,12684,20120206,20120213,20120218,2049,1,2049
SO47144,BK-R50B-52,26033,20120206,20120213,20120218,783,1,783
SO47145,BK-R50B-44,26131,20120206,20120213,20120218,783,1,783
SO47146,BK-R64Y-48,18133,20120207,20120214,20120219,1000,1,1000
SO47147,BK-R89B-48,13324,20120207,20120214,20120219,2182,1,2182
SO47148,BK-R89B-52,21259,20120207,20120214,20120219,2182,1,2182
SO47149,BK-M68B-42,12669,20120207,20120214,20120219,2049,1,2049
SO47150,BK-R89R-52,15625,20120208,20120215,20120220,2443,1,2443
SO47151,BK-R89R-52,25363,20120208,20120215,20120220,2443,1,2443
SO47152,BK-M68B-42,28547,20120208,20120215,20120220,2049,1,2049
SO47153,BK-R50R-58,26024,20120208,20120215,20120220,783,1,783
SO47154,BK-R50B-60,26133,20120208,20120215,20120220,783,1,783
SO47155,BK-R89R-52,13801,20120209,20120216,20120221,2443,1,2443
SO47156,BK-R89B-44,28837,20120209,20120216,20120221,2182,1,2182
SO47157,BK-R89R-48,25864,20120209,20120216,20120221,2443,1,2443
SO47158,BK-M68B-42,26280,20120209,20120216,20120221,2049,1,2049
SO47159,BK-M68B-46,26300,20120209,20120216,20120221,2049,1,2049
SO47160,BK-R89R-48,21403,20120209,20120216,20120221,2443,1,2443
SO47161,BK-R89B-48,21408,20120209,20120216,20120221,2182,1,2182
SO47162,BK-R89R-58,21418,20120209,20120216,20120221,2182,1,2182
SO47163,BK-M68B-46,12671,20120209,20120216,20120221,2049,1,2049
SO47164,BK-M68B-42,12123,20120210,20120217,20120222,2049,1,2049
SO47165,BK-R89R-52,15649,20120210,20120217,20120222,2443,1,2443
SO47166,BK-R89R-44,15656,20120210,20120217,20120222,2443,1,2443
SO47167,BK-R89B-48,13419,20120210,20120217,20120222,2182,1,2182
SO47168,BK-R89B-52,13286,20120210,20120217,20120222,2182,1,2182
SO47169,BK-M68S-38,26281,20120210,20120217,20120222,2071,1,2071
SO47170,BK-R89B-52,21228,20120210,20120217,20120222,2182,1,2182
SO47171,BK-R89B-44,21552,20120210,20120217,20120222,2182,1,2182
SO47172,BK-M68S-38,12668,20120210,20120217,20120222,2071,1,2071
SO47173,BK-M68S-46,12675,20120210,20120217,20120222,2071,1,2071
SO47174,BK-M68S-42,12584,20120210,20120217,20120222,2071,1,2071
SO47175,BK-R89R-44,13812,20120210,20120217,20120222,2443,1,2443
SO47176,BK-M68B-38,11492,20120211,20120218,20120223,2049,1,2049
SO47177,BK-R64Y-38,14022,20120211,20120218,20120223,1000,1,1000
SO47178,BK-R64Y-40,14026,20120211,20120218,20120223,1000,1,1000
SO47179,BK-R89B-52,28848,20120211,20120218,20120223,2182,1,2182
SO47180,BK-R89R-52,13287,20120211,20120218,20120223,2443,1,2443
SO47181,BK-R89R-44,13329,20120211,20120218,20120223,2443,1,2443
SO47182,BK-M68S-42,26298,20120211,20120218,20120223,2071,1,2071
SO47183,BK-R50B-60,15200,20120211,20120218,20120223,783,1,783
SO47184,BK-R89B-58,21380,20120211,20120218,20120223,2182,1,2182
SO47185,BK-M68S-46,12133,20120211,20120218,20120223,2071,1,2071
SO47186,BK-R89R-58,13806,20120212,20120219,20120224,2182,1,2182
SO47187,BK-R64Y-42,18134,20120212,20120219,20120224,1000,1,1000
SO47188,BK-R64Y-48,19253,20120212,20120219,20120224,1000,1,1000
SO47189,BK-R89B-44,28818,20120212,20120219,20120224,2182,1,2182
SO47190,BK-R89R-48,25892,20120212,20120219,20120224,2443,1,2443
SO47191,BK-R89B-58,13382,20120212,20120219,20120224,2182,1,2182
SO47192,BK-R89R-58,16328,20120212,20120219,20120224,2182,1,2182
SO47193,BK-R50R-48,20162,20120212,20120219,20120224,783,1,783
SO47194,BK-R89B-52,13269,20120212,20120219,20120224,2182,1,2182
SO47195,BK-R89R-58,13355,20120212,20120219,20120224,2182,1,2182
SO47196,BK-M68B-46,26286,20120212,20120219,20120224,2049,1,2049
SO47197,BK-R89B-52,21218,20120212,20120219,20120224,2182,1,2182
SO47198,BK-R89R-52,14169,20120213,20120220,20120225,2443,1,2443
SO47199,BK-R50R-60,20051,20120213,20120220,20120225,783,1,783
SO47200,BK-R89B-44,13247,20120213,20120220,20120225,2182,1,2182
SO47201,BK-M68S-46,26277,20120213,20120220,20120225,2071,1,2071
SO47202,BK-M68S-46,26285,20120213,20120220,20120225,2071,1,2071
SO47203,BK-R89R-52,25883,20120214,20120221,20120226,2443,1,2443
SO47204,BK-R89B-52,25371,20120214,20120221,20120226,2182,1,2182
SO47205,BK-M68S-38,26301,20120214,20120221,20120226,2071,1,2071
SO47206,BK-R50B-58,15256,20120214,20120221,20120226,783,1,783
SO47207,BK-R50B-62,27043,20120214,20120221,20120226,783,1,783
SO47208,BK-R89R-48,21359,20120214,20120221,20120226,2443,1,2443
SO47209,BK-R89R-52,21379,20120214,20120221,20120226,2443,1,2443
SO47210,BK-R64Y-48,24609,20120214,20120221,20120226,1000,1,1000
SO47211,BK-M68B-46,12578,20120214,20120221,20120226,2049,1,2049
SO47212,BK-M68B-42,12580,20120214,20120221,20120226,2049,1,2049
SO47213,BK-R89B-52,16287,20120215,20120222,20120227,2182,1,2182
SO47214,BK-R64Y-48,19195,20120215,20120222,20120227,1000,1,1000
SO47215,BK-R89R-44,28836,20120215,20120222,20120227,2443,1,2443
SO47216,BK-M68B-42,26299,20120215,20120222,20120227,2049,1,2049
SO47217,BK-R89B-48,21222,20120215,20120222,20120227,2182,1,2182
SO47218,BK-R89R-48,21361,20120215,20120222,20120227,2443,1,2443
SO47219,BK-M68B-46,12577,20120215,20120222,20120227,2049,1,2049
SO47220,BK-M68B-38,12579,20120215,20120222,20120227,2049,1,2049
SO47221,BK-R89R-52,13823,20120216,20120223,20120228,2443,1,2443
SO47222,BK-R64Y-38,26316,20120216,20120223,20120228,1000,1,1000
SO47223,BK-R89R-52,25875,20120216,20120223,20120228,2443,1,2443
SO47224,BK-R89R-48,15659,20120216,20120223,20120228,2443,1,2443
SO47225,BK-R89B-48,13277,20120216,20120223,20120228,2182,1,2182
SO47226,BK-R89R-44,13314,20120216,20120223,20120228,2443,1,2443
SO47227,BK-R89B-48,25288,20120216,20120223,20120228,2182,1,2182
SO47228,BK-R89B-48,13237,20120216,20120223,20120228,2182,1,2182
SO47229,BK-M68B-38,26295,20120216,20120223,20120228,2049,1,2049
SO47230,BK-R89R-58,21256,20120216,20120223,20120228,2182,1,2182
SO47231,BK-M68B-46,11564,20120216,20120223,20120228,2049,1,2049
SO47232,BK-R89B-44,15627,20120217,20120224,20120229,2182,1,2182
SO47233,BK-R89B-58,16250,20120217,20120224,20120229,2182,1,2182
SO47234,BK-R64Y-48,19260,20120217,20120224,20120229,1000,1,1000
SO47235,BK-R89B-48,16317,20120217,20120224,20120229,2182,1,2182
SO47236,BK-R64Y-42,14023,20120217,20120224,20120229,1000,1,1000
SO47237,BK-R89R-44,28834,20120217,20120224,20120229,2443,1,2443
SO47238,BK-R89R-52,16405,20120217,20120224,20120229,2443,1,2443
SO47239,BK-R89R-58,21384,20120217,20120224,20120229,2182,1,2182
SO47240,BK-R64Y-38,24612,20120217,20120224,20120229,1000,1,1000
SO47241,BK-R89R-44,21559,20120217,20120224,20120229,2443,1,2443
SO47242,BK-M68B-46,28540,20120217,20120224,20120229,2049,1,2049
SO47243,BK-R50B-44,20712,20120217,20120224,20120229,783,1,783
SO47244,BK-R64Y-42,19193,20120218,20120225,20120301,1000,1,1000
SO47245,BK-R89B-48,16420,20120218,20120225,20120301,2182,1,2182
SO47246,BK-R50B-52,20713,20120218,20120225,20120301,783,1,783
SO47247,BK-R89R-58,13292,20120218,20120225,20120301,2182,1,2182
SO47248,BK-R89B-48,13340,20120218,20120225,20120301,2182,1,2182
SO47249,BK-R89B-52,13346,20120218,20120225,20120301,2182,1,2182
SO47250,BK-R89B-58,21217,20120218,20120225,20120301,2182,1,2182
SO47251,BK-R89B-52,21226,20120218,20120225,20120301,2182,1,2182
SO47252,BK-M68S-38,12676,20120218,20120225,20120301,2071,1,2071
SO47253,BK-M68S-46,12683,20120218,20120225,20120301,2071,1,2071
SO47254,BK-R50B-58,15276,20120219,20120226,20120302,783,1,783
SO47255,BK-M68B-38,11561,20120219,20120226,20120302,2049,1,2049
SO47256,BK-R89B-44,16417,20120219,20120226,20120302,2182,1,2182
SO47257,BK-R89R-44,14141,20120219,20120226,20120302,2443,1,2443
SO47258,BK-R89B-52,13298,20120219,20120226,20120302,2182,1,2182
SO47259,BK-R89B-48,13351,20120219,20120226,20120302,2182,1,2182
SO47260,BK-R89B-48,13233,20120219,20120226,20120302,2182,1,2182
SO47261,BK-M68B-46,26305,20120219,20120226,20120302,2049,1,2049
SO47262,BK-R89B-58,21560,20120219,20120226,20120302,2182,1,2182
SO47263,BK-M68B-38,12589,20120219,20120226,20120302,2049,1,2049
SO47264,BK-R89R-44,16410,20120220,20120227,20120303,2443,1,2443
SO47265,BK-R89B-48,13250,20120220,20120227,20120303,2182,1,2182
SO47266,BK-R89B-52,21555,20120220,20120227,20120303,2182,1,2182
SO47267,BK-M68S-38,12674,20120220,20120227,20120303,2071,1,2071
SO47268,BK-R89B-48,21402,20120220,20120227,20120303,2182,1,2182
SO47269,BK-M68B-46,28512,20120221,20120228,20120304,2049,1,2049
SO47270,BK-M68B-42,28519,20120221,20120228,20120304,2049,1,2049
SO47271,BK-R64Y-38,18140,20120221,20120228,20120304,1000,1,1000
SO47272,BK-R89R-58,29013,20120221,20120228,20120304,2182,1,2182
SO47273,BK-R89R-44,13420,20120221,20120228,20120304,2443,1,2443
SO47274,BK-R89R-52,16407,20120221,20120228,20120304,2443,1,2443
SO47275,BK-R50B-44,19076,20120221,20120228,20120304,783,1,783
SO47276,BK-R50B-52,15289,20120221,20120228,20120304,783,1,783
SO47277,BK-R89R-58,21219,20120221,20120228,20120304,2182,1,2182
SO47278,BK-R89B-58,21404,20120221,20120228,20120304,2182,1,2182
SO47279,BK-M68B-46,12680,20120221,20120228,20120304,2049,1,2049
SO47280,BK-M68S-38,11615,20120222,20120229,20120305,2071,1,2071
SO47281,BK-R64Y-48,17099,20120222,20120229,20120305,1000,1,1000
SO47282,BK-R64Y-38,19258,20120222,20120229,20120305,1000,1,1000
SO47283,BK-R89B-44,15655,20120222,20120229,20120305,2182,1,2182
SO47284,BK-R89R-44,13402,20120222,20120229,20120305,2443,1,2443
SO47285,BK-R89B-44,29135,20120222,20120229,20120305,2182,1,2182
SO47286,BK-R50R-48,19944,20120222,20120229,20120305,783,1,783
SO47287,BK-R89B-48,13280,20120222,20120229,20120305,2182,1,2182
SO47288,BK-R89B-44,13353,20120222,20120229,20120305,2182,1,2182
SO47289,BK-M68B-42,26297,20120222,20120229,20120305,2049,1,2049
SO47290,BK-R89R-44,21558,20120222,20120229,20120305,2443,1,2443
SO47291,BK-R89R-58,16318,20120223,20120301,20120306,2182,1,2182
SO47292,BK-R89B-58,13811,20120223,20120301,20120306,2182,1,2182
SO47293,BK-R64Y-42,19192,20120223,20120301,20120306,1000,1,1000
SO47294,BK-R64Y-40,18139,20120223,20120301,20120306,1000,1,1000
SO47295,BK-R64Y-44,14005,20120223,20120301,20120306,1000,1,1000
SO47296,BK-R64Y-42,14024,20120223,20120301,20120306,1000,1,1000
SO47297,BK-R89B-52,13385,20120223,20120301,20120306,2182,1,2182
SO47298,BK-R89R-58,13403,20120223,20120301,20120306,2182,1,2182
SO47299,BK-R89R-48,13425,20120223,20120301,20120306,2443,1,2443
SO47300,BK-R50B-62,20717,20120223,20120301,20120306,783,1,783
SO47301,BK-M68B-38,26292,20120223,20120301,20120306,2049,1,2049
SO47302,BK-M68B-42,12670,20120223,20120301,20120306,2049,1,2049
SO47303,BK-R50R-60,26029,20120223,20120301,20120306,783,1,783
SO47304,BK-R89B-58,16272,20120224,20120302,20120307,2182,1,2182
SO47305,BK-R89R-48,25393,20120224,20120302,20120307,2443,1,2443
SO47306,BK-R89R-48,28798,20120224,20120302,20120307,2443,1,2443
SO47307,BK-R50B-60,20711,20120224,20120302,20120307,783,1,783
SO47308,BK-R50R-44,20718,20120224,20120302,20120307,783,1,783
SO47309,BK-R89B-52,13316,20120224,20120302,20120307,2182,1,2182
SO47310,BK-M68S-42,26303,20120224,20120302,20120307,2071,1,2071
SO47311,BK-R50B-58,15252,20120224,20120302,20120307,783,1,783
SO47312,BK-R50B-58,15280,20120224,20120302,20120307,783,1,783
SO47313,BK-R89B-44,21231,20120224,20120302,20120307,2182,1,2182
SO47314,BK-M68B-46,12673,20120224,20120302,20120307,2049,1,2049
SO47315,BK-R89B-58,13840,20120225,20120303,20120308,2182,1,2182
SO47316,BK-R89R-48,13361,20120225,20120303,20120308,2443,1,2443
SO47317,BK-R89B-58,14154,20120225,20120303,20120308,2182,1,2182
SO47318,BK-R89B-48,13273,20120225,20120303,20120308,2182,1,2182
SO47319,BK-R89R-52,13299,20120225,20120303,20120308,2443,1,2443
SO47320,BK-R89B-52,13315,20120225,20120303,20120308,2182,1,2182
SO47321,BK-R89B-44,13354,20120225,20120303,20120308,2182,1,2182
SO47322,BK-R50B-52,15287,20120225,20120303,20120308,783,1,783
SO47323,BK-M68B-46,28529,20120226,20120304,20120309,2049,1,2049
SO47324,BK-R89B-52,13400,20120226,20120304,20120309,2182,1,2182
SO47325,BK-R89B-44,13278,20120226,20120304,20120309,2182,1,2182
SO47326,BK-R89B-58,13288,20120226,20120304,20120309,2182,1,2182
SO47327,BK-R89B-52,13304,20120226,20120304,20120309,2182,1,2182
SO47328,BK-M68B-42,12681,20120226,20120304,20120309,2049,1,2049
SO47329,BK-R89B-58,13367,20120227,20120305,20120310,2182,1,2182
SO47330,BK-R89R-48,16324,20120227,20120305,20120310,2443,1,2443
SO47331,BK-R50B-58,20807,20120227,20120305,20120310,783,1,783
SO47332,BK-M68S-46,20350,20120227,20120305,20120310,2071,1,2071
SO47333,BK-R89R-44,21229,20120227,20120305,20120310,2443,1,2443
SO47334,BK-R89R-48,21557,20120227,20120305,20120310,2443,1,2443
SO47335,BK-M68S-46,12581,20120227,20120305,20120310,2071,1,2071
SO47336,BK-R50B-44,26027,20120227,20120305,20120310,783,1,783
SO47337,BK-M68S-42,28520,20120228,20120306,20120311,2071,1,2071
SO47338,BK-R89B-44,16277,20120228,20120306,20120311,2182,1,2182
SO47339,BK-R89R-58,15626,20120228,20120306,20120311,2182,1,2182
SO47340,BK-R89R-48,13401,20120228,20120306,20120311,2443,1,2443
SO47341,BK-R89R-44,25104,20120228,20120306,20120311,2443,1,2443
SO47342,BK-M68B-42,26304,20120228,20120306,20120311,2049,1,2049
SO47343,BK-R89B-58,21553,20120228,20120306,20120311,2182,1,2182
SO47344,BK-M68S-42,12686,20120228,20120306,20120311,2071,1,2071
SO47345,BK-M68S-46,12583,20120228,20120306,20120311,2071,1,2071
SO47346,BK-M68B-42,12585,20120228,20120306,20120311,2049,1,2049
SO47347,BK-R50R-58,26025,20120228,20120306,20120311,783,1,783
SO47348,BK-R50R-52,26028,20120228,20120306,20120311,783,1,783
SO47460,BK-R50R-58,19255,20120229,20120307,20120312,783,1,783
SO47461,BK-M68S-46,26320,20120229,20120307,20120312,2071,1,2071
SO47462,BK-R89B-48,15926,20120301,20120308,20120313,2182,1,2182
SO47463,BK-R89B-44,14203,20120301,20120308,20120313,2182,1,2182
SO47464,BK-R89R-52,16461,20120301,20120308,20120313,2443,1,2443
SO47465,BK-R50B-48,15303,20120301,20120308,20120313,783,1,783
SO47466,BK-R64Y-38,24887,20120301,20120308,20120313,1000,1,1000
SO47467,BK-R89R-58,13446,20120301,20120308,20120313,2182,1,2182
SO47468,BK-R50R-48,26152,20120301,20120308,20120313,783,1,783
SO47469,BK-R64Y-40,19301,20120302,20120309,20120314,1000,1,1000
SO47470,BK-M68B-38,28685,20120302,20120309,20120314,2049,1,2049
SO47471,BK-R89R-52,14539,20120302,20120309,20120314,2443,1,2443
SO47472,BK-R89B-58,13438,20120302,20120309,20120314,2182,1,2182
SO47473,BK-R89R-48,21875,20120302,20120309,20120314,2443,1,2443
SO47474,BK-R89B-58,21893,20120302,20120309,20120314,2182,1,2182
SO47475,BK-R89R-48,21945,20120302,20120309,20120314,2443,1,2443
SO47476,BK-M68S-38,12693,20120302,20120309,20120314,2071,1,2071
SO47477,BK-M68S-38,28560,20120303,20120310,20120315,2071,1,2071
SO47478,BK-R50R-62,20811,20120303,20120310,20120315,783,1,783
SO47479,BK-R50R-52,20832,20120303,20120310,20120315,783,1,783
SO47480,BK-R89R-58,21568,20120303,20120310,20120315,2182,1,2182
SO47481,BK-R89B-44,21899,20120303,20120310,20120315,2182,1,2182
SO47482,BK-R89R-52,21948,20120303,20120310,20120315,2443,1,2443
SO47483,BK-R89B-58,14424,20120304,20120311,20120316,2182,1,2182
SO47484,BK-R89R-58,16452,20120304,20120311,20120316,2182,1,2182
SO47485,BK-R89R-58,14524,20120304,20120311,20120316,2182,1,2182
SO47486,BK-R89B-52,14538,20120304,20120311,20120316,2182,1,2182
SO47487,BK-R89B-52,16427,20120305,20120312,20120317,2182,1,2182
SO47488,BK-R89B-58,13426,20120305,20120312,20120317,2182,1,2182
SO47489,BK-R89R-44,21888,20120305,20120312,20120317,2443,1,2443
SO47490,BK-R89R-58,21895,20120305,20120312,20120317,2182,1,2182
SO47491,BK-R89R-48,15932,20120306,20120313,20120318,2443,1,2443
SO47492,BK-R50B-60,19181,20120306,20120313,20120318,783,1,783
SO47493,BK-M68B-38,28569,20120307,20120314,20120319,2049,1,2049
SO47494,BK-R89B-44,15927,20120307,20120314,20120319,2182,1,2182
SO47495,BK-R89R-44,16196,20120307,20120314,20120319,2443,1,2443
SO47496,BK-R89R-58,16470,20120307,20120314,20120319,2182,1,2182
SO47497,BK-R89R-52,14170,20120307,20120314,20120319,2443,1,2443
SO47498,BK-R50R-62,27071,20120307,20120314,20120319,783,1,783
SO47499,BK-R89B-52,21572,20120307,20120314,20120319,2182,1,2182
SO47500,BK-R89R-48,21951,20120307,20120314,20120319,2443,1,2443
SO47501,BK-M68B-42,12214,20120307,20120314,20120319,2049,1,2049
SO47502,BK-R64Y-40,19278,20120308,20120315,20120320,1000,1,1000
SO47503,BK-R64Y-40,19299,20120308,20120315,20120320,1000,1,1000
SO47504,BK-M68B-42,11605,20120308,20120315,20120320,2049,1,2049
SO47505,BK-M68S-38,26307,20120308,20120315,20120320,2071,1,2071
SO47506,BK-M68S-42,26324,20120308,20120315,20120320,2071,1,2071
SO47507,BK-R50B-58,15311,20120308,20120315,20120320,783,1,783
SO47508,BK-R89R-52,21892,20120308,20120315,20120320,2443,1,2443
SO47509,BK-R89R-44,21957,20120308,20120315,20120320,2443,1,2443
SO47510,BK-M68S-38,12688,20120308,20120315,20120320,2071,1,2071
SO47511,BK-R89B-48,14200,20120309,20120316,20120321,2182,1,2182
SO47512,BK-R89B-44,16446,20120309,20120316,20120321,2182,1,2182
SO47513,BK-R89R-44,15675,20120309,20120316,20120321,2443,1,2443
SO47514,BK-R89B-52,15684,20120309,20120316,20120321,2182,1,2182
SO47515,BK-M68S-42,26308,20120309,20120316,20120321,2071,1,2071
SO47516,BK-M68B-46,26309,20120309,20120316,20120321,2049,1,2049
SO47517,BK-R50B-52,15308,20120309,20120316,20120321,783,1,783
SO47518,BK-R89B-44,21946,20120309,20120316,20120321,2182,1,2182
SO47519,BK-R50B-62,26153,20120309,20120316,20120321,783,1,783
SO47520,BK-R64Y-48,19263,20120310,20120317,20120322,1000,1,1000
SO47521,BK-R89R-48,16445,20120310,20120317,20120322,2443,1,2443
SO47522,BK-R64Y-44,14089,20120310,20120317,20120322,1000,1,1000
SO47523,BK-R89R-58,13443,20120310,20120317,20120322,2182,1,2182
SO47524,BK-R89R-52,21567,20120310,20120317,20120322,2443,1,2443
SO47525,BK-R89B-58,21889,20120310,20120317,20120322,2182,1,2182
SO47526,BK-M68S-42,12215,20120310,20120317,20120322,2071,1,2071
SO47527,BK-M68B-42,28559,20120310,20120317,20120322,2049,1,2049
SO47528,BK-M68S-38,11598,20120311,20120318,20120323,2071,1,2071
SO47529,BK-R89B-52,13429,20120311,20120318,20120323,2182,1,2182
SO47530,BK-R50R-48,15312,20120311,20120318,20120323,783,1,783
SO47531,BK-R50B-44,15325,20120311,20120318,20120323,783,1,783
SO47532,BK-R64Y-40,24888,20120311,20120318,20120323,1000,1,1000
SO47533,BK-R89R-58,21886,20120311,20120318,20120323,2182,1,2182
SO47534,BK-R50R-48,26148,20120311,20120318,20120323,783,1,783
SO47535,BK-R64Y-42,14083,20120312,20120319,20120324,1000,1,1000
SO47536,BK-R64Y-44,14088,20120312,20120319,20120324,1000,1,1000
SO47537,BK-R89R-58,13436,20120312,20120319,20120324,2182,1,2182
SO47538,BK-R89B-58,13449,20120312,20120319,20120324,2182,1,2182
SO47539,BK-R50R-48,20824,20120312,20120319,20120324,783,1,783
SO47540,BK-M68B-46,26326,20120312,20120319,20120324,2049,1,2049
SO47541,BK-R50B-48,15314,20120312,20120319,20120324,783,1,783
SO47542,BK-R89B-44,21571,20120312,20120319,20120324,2182,1,2182
SO47543,BK-R89B-52,21956,20120312,20120319,20120324,2182,1,2182
SO47544,BK-M68B-38,12694,20120312,20120319,20120324,2049,1,2049
SO47545,BK-M68S-42,28553,20120312,20120319,20120324,2071,1,2071
SO47546,BK-M68B-42,28683,20120313,20120320,20120325,2049,1,2049
SO47547,BK-R50B-58,20166,20120313,20120320,20120325,783,1,783
SO47548,BK-R50R-52,20834,20120313,20120320,20120325,783,1,783
SO47549,BK-R50B-52,19256,20120313,20120320,20120325,783,1,783
SO47550,BK-R50B-62,15290,20120313,20120320,20120325,783,1,783
SO47551,BK-R89R-58,21878,20120313,20120320,20120325,2182,1,2182
SO47552,BK-R89R-44,21950,20120313,20120320,20120325,2443,1,2443
SO47553,BK-M68S-42,12698,20120313,20120320,20120325,2071,1,2071
SO47554,BK-M68B-46,12222,20120313,20120320,20120325,2049,1,2049
SO47555,BK-R89R-44,15674,20120313,20120320,20120325,2443,1,2443
SO47556,BK-R89B-58,14701,20120314,20120321,20120326,2182,1,2182
SO47557,BK-R89B-52,13431,20120314,20120321,20120326,2182,1,2182
SO47558,BK-R89R-52,25981,20120314,20120321,20120326,2443,1,2443
SO47559,BK-M68B-46,12699,20120314,20120321,20120326,2049,1,2049
SO47560,BK-R50R-62,27053,20120315,20120322,20120327,783,1,783
SO47561,BK-R50R-58,15328,20120315,20120322,20120327,783,1,783
SO47562,BK-R89B-52,21944,20120315,20120322,20120327,2182,1,2182
SO47563,BK-R89R-44,21955,20120315,20120322,20120327,2443,1,2443
SO47564,BK-M68S-46,12210,20120315,20120322,20120327,2071,1,2071
SO47565,BK-R89B-52,15697,20120316,20120323,20120328,2182,1,2182
SO47566,BK-R64Y-48,24613,20120316,20120323,20120328,1000,1,1000
SO47567,BK-R89B-58,21570,20120316,20120323,20120328,2182,1,2182
SO47568,BK-R89B-48,21885,20120316,20120323,20120328,2182,1,2182
SO47569,BK-R89B-58,21959,20120316,20120323,20120328,2182,1,2182
SO47570,BK-M68S-38,28562,20120317,20120324,20120329,2071,1,2071
SO47571,BK-R89B-52,14185,20120317,20120324,20120329,2182,1,2182
SO47572,BK-R89R-44,29149,20120317,20120324,20120329,2443,1,2443
SO47573,BK-R89R-48,13435,20120317,20120324,20120329,2443,1,2443
SO47574,BK-R50B-58,20171,20120317,20120324,20120329,783,1,783
SO47575,BK-M68B-46,26315,20120317,20120324,20120329,2049,1,2049
SO47576,BK-R89B-52,21877,20120317,20120324,20120329,2182,1,2182
SO47577,BK-R89R-52,21891,20120317,20120324,20120329,2443,1,2443
SO47578,BK-M68S-38,12687,20120317,20120324,20120329,2071,1,2071
SO47579,BK-R89R-58,16197,20120318,20120325,20120330,2182,1,2182
SO47580,BK-R64Y-48,14080,20120318,20120325,20120330,1000,1,1000
SO47581,BK-R89B-48,29152,20120318,20120325,20120330,2182,1,2182
SO47582,BK-R89B-44,13433,20120318,20120325,20120330,2182,1,2182
SO47583,BK-R89B-58,13442,20120318,20120325,20120330,2182,1,2182
SO47584,BK-R50B-48,19194,20120318,20120325,20120330,783,1,783
SO47585,BK-R50R-48,15320,20120318,20120325,20120330,783,1,783
SO47586,BK-R50R-44,15322,20120318,20120325,20120330,783,1,783
SO47587,BK-R89R-58,21874,20120318,20120325,20120330,2182,1,2182
SO47588,BK-R89B-58,16428,20120319,20120326,20120331,2182,1,2182
SO47589,BK-R64Y-40,14036,20120319,20120326,20120331,1000,1,1000
SO47590,BK-M68S-46,26312,20120319,20120326,20120331,2071,1,2071
SO47591,BK-M68B-42,26313,20120319,20120326,20120331,2049,1,2049
SO47592,BK-R64Y-42,24614,20120319,20120326,20120331,1000,1,1000
SO47593,BK-R50R-62,26135,20120319,20120326,20120331,783,1,783
SO47594,BK-R50B-52,26154,20120319,20120326,20120331,783,1,783
SO47595,BK-R89R-48,14186,20120320,20120327,20120401,2443,1,2443
SO47596,BK-R89B-44,16199,20120320,20120327,20120401,2182,1,2182
SO47597,BK-R89B-44,25971,20120320,20120327,20120401,2182,1,2182
SO47598,BK-M68B-38,26306,20120320,20120327,20120401,2049,1,2049
SO47599,BK-M68B-46,26327,20120320,20120327,20120401,2049,1,2049
SO47600,BK-R64Y-48,17188,20120321,20120328,20120402,1000,1,1000
SO47601,BK-R89B-58,14192,20120321,20120328,20120402,2182,1,2182
SO47602,BK-R50R-60,19174,20120321,20120328,20120402,783,1,783
SO47603,BK-R89B-58,21562,20120321,20120328,20120402,2182,1,2182
SO47604,BK-R89B-48,21876,20120321,20120328,20120402,2182,1,2182
SO47605,BK-R64Y-48,17187,20120322,20120329,20120403,1000,1,1000
SO47606,BK-R89B-48,15928,20120322,20120329,20120403,2182,1,2182
SO47607,BK-R64Y-48,14081,20120322,20120329,20120403,1000,1,1000
SO47608,BK-M68S-38,26322,20120322,20120329,20120403,2071,1,2071
SO47609,BK-R50B-60,15309,20120322,20120329,20120403,783,1,783
SO47610,BK-R50B-44,27075,20120322,20120329,20120403,783,1,783
SO47611,BK-R50R-52,26140,20120322,20120329,20120403,783,1,783
SO47612,BK-R89R-48,16465,20120323,20120330,20120404,2443,1,2443
SO47613,BK-R64Y-44,14037,20120323,20120330,20120404,1000,1,1000
SO47614,BK-R50R-52,15302,20120323,20120330,20120404,783,1,783
SO47615,BK-R50B-52,15329,20120323,20120330,20120404,783,1,783
SO47616,BK-R89R-58,21873,20120323,20120330,20120404,2182,1,2182
SO47617,BK-R89B-52,21943,20120323,20120330,20120404,2182,1,2182
SO47618,BK-R89B-58,21947,20120323,20120330,20120404,2182,1,2182
SO47619,BK-M68S-46,12689,20120323,20120330,20120404,2071,1,2071
SO47620,BK-M68S-38,12239,20120323,20120330,20120404,2071,1,2071
SO47621,BK-R64Y-42,14044,20120324,20120331,20120405,1000,1,1000
SO47622,BK-R50B-44,20837,20120324,20120331,20120405,783,1,783
SO47623,BK-R89R-48,21569,20120324,20120331,20120405,2443,1,2443
SO47624,BK-R89R-58,21949,20120324,20120331,20120405,2182,1,2182
SO47625,BK-R89B-52,21958,20120324,20120331,20120405,2182,1,2182
SO47626,BK-R50R-58,26150,20120324,20120331,20120405,783,1,783
SO47627,BK-R89R-52,16444,20120325,20120401,20120406,2443,1,2443
SO47628,BK-R89R-48,16509,20120325,20120401,20120406,2443,1,2443
SO47629,BK-R89R-52,15685,20120325,20120401,20120406,2443,1,2443
SO47630,BK-M68S-42,26311,20120325,20120401,20120406,2071,1,2071
SO47631,BK-M68S-38,26325,20120325,20120401,20120406,2071,1,2071
SO47632,BK-R50B-52,27060,20120325,20120401,20120406,783,1,783
SO47633,BK-R89R-58,21894,20120325,20120401,20120406,2182,1,2182
SO47634,BK-M68S-46,11570,20120325,20120401,20120406,2071,1,2071
SO47635,BK-M68S-42,12216,20120325,20120401,20120406,2071,1,2071
SO47636,BK-R50R-52,26142,20120325,20120401,20120406,783,1,783
SO47637,BK-R89R-58,13447,20120326,20120402,20120407,2182,1,2182
SO47638,BK-M68B-46,26319,20120326,20120402,20120407,2049,1,2049
SO47639,BK-R50R-48,15321,20120326,20120402,20120407,783,1,783
SO47640,BK-M68S-42,26317,20120327,20120403,20120408,2071,1,2071
SO47641,BK-R50R-58,27062,20120327,20120403,20120408,783,1,783
SO47642,BK-R64Y-40,17109,20120328,20120404,20120409,1000,1,1000
SO47643,BK-R64Y-48,19290,20120328,20120404,20120409,1000,1,1000
SO47644,BK-R89B-48,15693,20120328,20120404,20120409,2182,1,2182
SO47645,BK-R89B-48,14555,20120328,20120404,20120409,2182,1,2182
SO47646,BK-M68S-38,20373,20120328,20120404,20120409,2071,1,2071
SO47647,BK-R89R-44,21897,20120328,20120404,20120409,2443,1,2443
SO47648,BK-M68S-46,12263,20120328,20120404,20120409,2071,1,2071
SO47649,BK-R89B-52,16447,20120329,20120405,20120410,2182,1,2182
SO47650,BK-R89R-52,16512,20120329,20120405,20120410,2443,1,2443
SO47651,BK-R89B-52,25911,20120329,20120405,20120410,2182,1,2182
SO47652,BK-R50B-58,20825,20120329,20120405,20120410,783,1,783
SO47653,BK-R50R-62,20163,20120329,20120405,20120410,783,1,783
SO47654,BK-R64Y-44,24615,20120329,20120405,20120410,1000,1,1000
SO47655,BK-R64Y-42,24889,20120329,20120405,20120410,1000,1,1000
SO47656,BK-R89R-44,21882,20120329,20120405,20120410,2443,1,2443
SO47657,BK-R50R-44,26138,20120329,20120405,20120410,783,1,783
SO47731,BK-M68B-46,12283,20120330,20120406,20120411,2049,1,2049
SO47732,BK-R89R-48,13452,20120330,20120406,20120411,2443,1,2443
SO47733,BK-R89B-48,13461,20120330,20120406,20120411,2182,1,2182
SO47734,BK-R50B-58,15333,20120330,20120406,20120411,783,1,783
SO47735,BK-R50B-52,27084,20120330,20120406,20120411,783,1,783
SO47736,BK-M68B-38,12705,20120330,20120406,20120411,2049,1,2049
SO47737,BK-M68S-46,13018,20120330,20120406,20120411,2071,1,2071
SO47738,BK-R50R-44,26165,20120330,20120406,20120411,783,1,783
SO47739,BK-R50R-48,20839,20120331,20120407,20120412,783,1,783
SO47740,BK-R50R-62,15337,20120331,20120407,20120412,783,1,783
SO47741,BK-R50B-62,15343,20120331,20120407,20120412,783,1,783
SO47742,BK-R89B-48,22180,20120331,20120407,20120412,2182,1,2182
SO47743,BK-M68B-46,12988,20120331,20120407,20120412,2049,1,2049
SO47744,BK-M68B-42,12989,20120331,20120407,20120412,2049,1,2049
SO47745,BK-M68B-42,12998,20120331,20120407,20120412,2049,1,2049
SO47746,BK-M68B-38,13022,20120331,20120407,20120412,2049,1,2049
SO47747,BK-R89R-58,16253,20120401,20120408,20120413,2182,1,2182
SO47748,BK-M68S-38,26485,20120401,20120408,20120413,2071,1,2071
SO47749,BK-R89R-58,22172,20120401,20120408,20120413,2182,1,2182
SO47750,BK-R89R-48,21976,20120401,20120408,20120413,2443,1,2443
SO47751,BK-R89R-48,21983,20120401,20120408,20120413,2443,1,2443
SO47752,BK-R89B-52,21994,20120401,20120408,20120413,2182,1,2182
SO47753,BK-M68B-42,13020,20120401,20120408,20120413,2049,1,2049
SO47754,BK-R64Y-48,14104,20120402,20120409,20120414,1000,1,1000
SO47755,BK-R64Y-44,17195,20120402,20120409,20120414,1000,1,1000
SO47756,BK-M68S-42,12272,20120402,20120409,20120414,2071,1,2071
SO47757,BK-R89B-58,16530,20120402,20120409,20120414,2182,1,2182
SO47758,BK-R89R-58,16550,20120402,20120409,20120414,2182,1,2182
SO47759,BK-R89B-48,14773,20120402,20120409,20120414,2182,1,2182
SO47760,BK-R89R-58,13482,20120402,20120409,20120414,2182,1,2182
SO47761,BK-R50R-62,20548,20120403,20120410,20120415,783,1,783
SO47762,BK-M68S-38,26330,20120403,20120410,20120415,2071,1,2071
SO47763,BK-R89B-58,22170,20120403,20120410,20120415,2182,1,2182
SO47764,BK-M68S-46,28711,20120404,20120411,20120416,2071,1,2071
SO47765,BK-M68B-42,26343,20120404,20120411,20120416,2049,1,2049
SO47766,BK-M68B-38,26329,20120404,20120411,20120416,2049,1,2049
SO47767,BK-R64Y-38,24902,20120404,20120411,20120416,1000,1,1000
SO47768,BK-R89R-58,21985,20120404,20120411,20120416,2182,1,2182
SO47769,BK-M68B-42,12703,20120404,20120411,20120416,2049,1,2049
SO47770,BK-R50B-52,26375,20120404,20120411,20120416,783,1,783
SO47771,BK-R89B-52,22181,20120405,20120412,20120417,2182,1,2182
SO47772,BK-R89R-48,22195,20120405,20120412,20120417,2443,1,2443
SO47773,BK-R50R-62,15345,20120405,20120412,20120417,783,1,783
SO47774,BK-R50B-58,15346,20120405,20120412,20120417,783,1,783
SO47775,BK-R89R-48,21980,20120405,20120412,20120417,2443,1,2443
SO47776,BK-M68S-38,13007,20120405,20120412,20120417,2071,1,2071
SO47777,BK-R50B-44,26162,20120405,20120412,20120417,783,1,783
SO47778,BK-M68S-42,12284,20120406,20120413,20120418,2071,1,2071
SO47779,BK-R89B-48,16269,20120406,20120413,20120418,2182,1,2182
SO47780,BK-R64Y-38,14105,20120406,20120413,20120418,1000,1,1000
SO47781,BK-R89B-58,25991,20120406,20120413,20120418,2182,1,2182
SO47782,BK-R89B-52,22032,20120406,20120413,20120418,2182,1,2182
SO47783,BK-R89R-58,22197,20120406,20120413,20120418,2182,1,2182
SO47784,BK-M68S-46,13078,20120406,20120413,20120418,2071,1,2071
SO47785,BK-M68S-46,28708,20120407,20120414,20120419,2071,1,2071
SO47786,BK-R89R-52,14719,20120407,20120414,20120419,2443,1,2443
SO47787,BK-R89R-44,16585,20120407,20120414,20120419,2443,1,2443
SO47788,BK-R89B-58,16546,20120408,20120415,20120420,2182,1,2182
SO47789,BK-R89B-48,13453,20120408,20120415,20120420,2182,1,2182
SO47790,BK-R89R-58,22173,20120408,20120415,20120420,2182,1,2182
SO47791,BK-M68B-38,13036,20120408,20120415,20120420,2049,1,2049
SO47792,BK-R89R-48,16207,20120409,20120416,20120421,2443,1,2443
SO47793,BK-R89R-44,14716,20120409,20120416,20120421,2443,1,2443
SO47794,BK-M68S-42,20375,20120409,20120416,20120421,2071,1,2071
SO47795,BK-R89B-58,22004,20120409,20120416,20120421,2182,1,2182
SO47796,BK-R89R-58,21979,20120409,20120416,20120421,2182,1,2182
SO47797,BK-R89R-58,21986,20120409,20120416,20120421,2182,1,2182
SO47798,BK-M68S-42,13000,20120409,20120416,20120421,2071,1,2071
SO47799,BK-M68B-42,12264,20120410,20120417,20120422,2049,1,2049
SO47800,BK-R89B-44,14798,20120410,20120417,20120422,2182,1,2182
SO47801,BK-R50R-48,20555,20120410,20120417,20120422,783,1,783
SO47802,BK-R50B-48,20850,20120410,20120417,20120422,783,1,783
SO47803,BK-R89B-58,22000,20120410,20120417,20120422,2182,1,2182
SO47804,BK-R89R-52,22178,20120410,20120417,20120422,2443,1,2443
SO47805,BK-R89B-58,22198,20120410,20120417,20120422,2182,1,2182
SO47806,BK-R50B-48,15348,20120410,20120417,20120422,783,1,783
SO47807,BK-R89B-58,16575,20120410,20120417,20120422,2182,1,2182
SO47808,BK-R50B-52,26161,20120410,20120417,20120422,783,1,783
SO47809,BK-R50B-44,26187,20120410,20120417,20120422,783,1,783
SO47810,BK-R50B-58,26204,20120410,20120417,20120422,783,1,783
SO47811,BK-M68S-38,12271,20120411,20120418,20120423,2071,1,2071
SO47812,BK-R89B-52,16252,20120411,20120418,20120423,2182,1,2182
SO47813,BK-R64Y-40,14098,20120411,20120418,20120423,1000,1,1000
SO47814,BK-M68B-42,26338,20120411,20120418,20120423,2049,1,2049
SO47815,BK-R89R-58,22033,20120411,20120418,20120423,2182,1,2182
SO47816,BK-R89R-48,22174,20120411,20120418,20120423,2443,1,2443
SO47817,BK-R89R-58,22200,20120411,20120418,20120423,2182,1,2182
SO47818,BK-R50R-62,15364,20120411,20120418,20120423,783,1,783
SO47819,BK-R89B-48,21968,20120411,20120418,20120423,2182,1,2182
SO47820,BK-M68S-38,13025,20120411,20120418,20120423,2071,1,2071
SO47821,BK-M68S-38,13038,20120411,20120418,20120423,2071,1,2071
SO47822,BK-M68S-42,13051,20120411,20120418,20120423,2071,1,2071
SO47823,BK-R50B-62,26160,20120411,20120418,20120423,783,1,783
SO47824,BK-R89R-44,16267,20120412,20120419,20120424,2443,1,2443
SO47825,BK-R50R-58,20560,20120412,20120419,20120424,783,1,783
SO47826,BK-R89R-52,22168,20120412,20120419,20120424,2443,1,2443
SO47827,BK-R89R-52,22175,20120412,20120419,20120424,2443,1,2443
SO47828,BK-R89R-44,21984,20120412,20120419,20120424,2443,1,2443
SO47829,BK-M68S-38,12706,20120412,20120419,20120424,2071,1,2071
SO47830,BK-R64Y-40,19308,20120413,20120420,20120425,1000,1,1000
SO47831,BK-M68B-46,12281,20120413,20120420,20120425,2049,1,2049
SO47832,BK-R89R-48,13478,20120413,20120420,20120425,2443,1,2443
SO47833,BK-R89B-44,22031,20120413,20120420,20120425,2182,1,2182
SO47834,BK-R89B-48,22196,20120413,20120420,20120425,2182,1,2182
SO47835,BK-R64Y-40,24904,20120413,20120420,20120425,1000,1,1000
SO47836,BK-M68S-46,28707,20120414,20120421,20120426,2071,1,2071
SO47837,BK-M68S-46,12277,20120414,20120421,20120426,2071,1,2071
SO47838,BK-R89R-58,13456,20120414,20120421,20120426,2182,1,2182
SO47839,BK-R50R-58,20838,20120414,20120421,20120426,783,1,783
SO47840,BK-R50B-60,20584,20120414,20120421,20120426,783,1,783
SO47841,BK-M68B-46,26490,20120414,20120421,20120426,2049,1,2049
SO47842,BK-R50R-60,15338,20120414,20120421,20120426,783,1,783
SO47843,BK-R50B-58,15339,20120414,20120421,20120426,783,1,783
SO47844,BK-R89R-58,21996,20120414,20120421,20120426,2182,1,2182
SO47845,BK-R89R-48,16206,20120415,20120422,20120427,2443,1,2443
SO47846,BK-R89R-44,14779,20120415,20120422,20120427,2443,1,2443
SO47847,BK-R89R-44,16278,20120415,20120422,20120427,2443,1,2443
SO47848,BK-M68B-38,26328,20120415,20120422,20120427,2049,1,2049
SO47849,BK-R50R-60,15342,20120415,20120422,20120427,783,1,783
SO47850,BK-R50R-58,15350,20120415,20120422,20120427,783,1,783
SO47851,BK-M68B-38,26331,20120416,20120423,20120428,2049,1,2049
SO47852,BK-M68S-42,26342,20120416,20120423,20120428,2071,1,2071
SO47853,BK-M68B-46,26487,20120416,20120423,20120428,2049,1,2049
SO47854,BK-R50R-58,15341,20120416,20120423,20120428,783,1,783
SO47855,BK-M68S-42,12987,20120416,20120423,20120428,2071,1,2071
SO47856,BK-M68B-46,12995,20120416,20120423,20120428,2049,1,2049
SO47857,BK-M68B-42,13024,20120416,20120423,20120428,2049,1,2049
SO47858,BK-R64Y-42,19302,20120417,20120424,20120429,1000,1,1000
SO47859,BK-M68B-38,28713,20120417,20120424,20120429,2049,1,2049
SO47860,BK-M68S-38,26339,20120417,20120424,20120429,2071,1,2071
SO47861,BK-M68S-46,20470,20120417,20120424,20120429,2071,1,2071
SO47862,BK-R89B-58,22199,20120417,20120424,20120429,2182,1,2182
SO47863,BK-R50R-60,15351,20120417,20120424,20120429,783,1,783
SO47864,BK-R89B-44,21966,20120417,20120424,20120429,2182,1,2182
SO47865,BK-M68S-38,12701,20120417,20120424,20120429,2071,1,2071
SO47866,BK-M68S-38,12990,20120417,20120424,20120429,2071,1,2071
SO47867,BK-M68B-42,12991,20120417,20120424,20120429,2049,1,2049
SO47868,BK-M68S-42,13021,20120417,20120424,20120429,2071,1,2071
SO47869,BK-R50R-44,26190,20120417,20120424,20120429,783,1,783
SO47870,BK-R64Y-40,19305,20120418,20120425,20120430,1000,1,1000
SO47871,BK-R89R-58,14708,20120418,20120425,20120430,2182,1,2182
SO47872,BK-R89B-58,14790,20120418,20120425,20120430,2182,1,2182
SO47873,BK-R64Y-40,26321,20120418,20120425,20120430,1000,1,1000
SO47874,BK-R89B-44,13462,20120418,20120425,20120430,2182,1,2182
SO47875,BK-R89B-48,25992,20120418,20120425,20120430,2182,1,2182
SO47876,BK-R50B-44,20848,20120418,20120425,20120430,783,1,783
SO47877,BK-R50R-60,20851,20120418,20120425,20120430,783,1,783
SO47878,BK-M68B-38,12702,20120418,20120425,20120430,2049,1,2049
SO47879,BK-R64Y-44,18157,20120419,20120426,20120501,1000,1,1000
SO47880,BK-M68B-42,28689,20120419,20120426,20120501,2049,1,2049
SO47881,BK-R89B-58,16553,20120419,20120426,20120501,2182,1,2182
SO47882,BK-R89B-48,13464,20120419,20120426,20120501,2182,1,2182
SO47883,BK-M68S-38,26481,20120419,20120426,20120501,2071,1,2071
SO47884,BK-R89R-52,22030,20120419,20120426,20120501,2443,1,2443
SO47885,BK-R64Y-42,24901,20120419,20120426,20120501,1000,1,1000
SO47886,BK-M68B-38,13011,20120419,20120426,20120501,2049,1,2049
SO47887,BK-M68S-46,13012,20120419,20120426,20120501,2071,1,2071
SO47888,BK-M68S-42,13050,20120419,20120426,20120501,2071,1,2071
SO47889,BK-R89B-52,16541,20120420,20120427,20120502,2182,1,2182
SO47890,BK-R89R-52,16263,20120420,20120427,20120502,2443,1,2443
SO47891,BK-R89B-44,16290,20120420,20120427,20120502,2182,1,2182
SO47892,BK-R64Y-48,26373,20120420,20120427,20120502,1000,1,1000
SO47893,BK-R89R-58,25989,20120420,20120427,20120502,2182,1,2182
SO47894,BK-M68B-38,26344,20120420,20120427,20120502,2049,1,2049
SO47895,BK-R50B-58,15347,20120420,20120427,20120502,783,1,783
SO47896,BK-R64Y-48,17206,20120421,20120428,20120503,1000,1,1000
SO47897,BK-R89B-52,16573,20120421,20120428,20120503,2182,1,2182
SO47898,BK-R50R-60,19276,20120421,20120428,20120503,783,1,783
SO47899,BK-M68B-38,12996,20120421,20120428,20120503,2049,1,2049
SO47900,BK-M68B-46,13035,20120421,20120428,20120503,2049,1,2049
SO47901,BK-M68S-42,13075,20120421,20120428,20120503,2071,1,2071
SO47902,BK-M68B-42,13076,20120421,20120428,20120503,2049,1,2049
SO47903,BK-R89R-44,14714,20120422,20120429,20120504,2443,1,2443
SO47904,BK-R89B-52,16562,20120422,20120429,20120504,2182,1,2182
SO47905,BK-R89B-44,29336,20120422,20120429,20120504,2182,1,2182
SO47906,BK-R50B-44,27082,20120422,20120429,20120504,783,1,783
SO47907,BK-R89R-48,21999,20120422,20120429,20120504,2443,1,2443
SO47908,BK-M68B-46,20468,20120422,20120429,20120504,2049,1,2049
SO47909,BK-M68S-46,12999,20120422,20120429,20120504,2071,1,2071
SO47910,BK-M68S-38,13049,20120422,20120429,20120504,2071,1,2071
SO47911,BK-M68B-38,13077,20120422,20120429,20120504,2049,1,2049
SO47912,BK-M68B-42,28724,20120423,20120430,20120505,2049,1,2049
SO47913,BK-R89R-44,29159,20120423,20120430,20120505,2443,1,2443
SO47914,BK-R50B-60,20556,20120423,20120430,20120505,783,1,783
SO47915,BK-M68B-42,26351,20120423,20120430,20120505,2049,1,2049
SO47916,BK-R64Y-40,24903,20120423,20120430,20120505,1000,1,1000
SO47917,BK-M68B-38,13001,20120423,20120430,20120505,2049,1,2049
SO47918,BK-M68B-46,13006,20120423,20120430,20120505,2049,1,2049
SO47919,BK-R64Y-38,17216,20120424,20120501,20120506,1000,1,1000
SO47920,BK-M68B-38,12282,20120424,20120501,20120506,2049,1,2049
SO47921,BK-R89B-58,14796,20120424,20120501,20120506,2182,1,2182
SO47922,BK-R89B-58,13468,20120424,20120501,20120506,2182,1,2182
SO47923,BK-M68B-38,26486,20120424,20120501,20120506,2049,1,2049
SO47924,BK-R89B-52,22171,20120424,20120501,20120506,2182,1,2182
SO47925,BK-R64Y-42,24900,20120424,20120501,20120506,1000,1,1000
SO47926,BK-M68B-42,13079,20120424,20120501,20120506,2049,1,2049
SO47927,BK-R50R-52,26188,20120424,20120501,20120506,783,1,783
SO47928,BK-R89B-52,29154,20120425,20120502,20120507,2182,1,2182
SO47929,BK-R89R-44,29281,20120425,20120502,20120507,2443,1,2443
SO47930,BK-R89B-52,21982,20120425,20120502,20120507,2182,1,2182
SO47931,BK-R89R-52,16531,20120426,20120503,20120508,2443,1,2443
SO47932,BK-R89B-44,16561,20120426,20120503,20120508,2182,1,2182
SO47933,BK-R89B-44,16270,20120426,20120503,20120508,2182,1,2182
SO47934,BK-R64Y-42,14106,20120426,20120503,20120508,1000,1,1000
SO47935,BK-R89B-48,22194,20120426,20120503,20120508,2182,1,2182
SO47936,BK-R50R-62,26192,20120426,20120503,20120508,783,1,783
SO47937,BK-R50R-58,20549,20120427,20120504,20120509,783,1,783
SO47938,BK-R89R-58,21969,20120427,20120504,20120509,2182,1,2182
SO47939,BK-R89R-58,21987,20120427,20120504,20120509,2182,1,2182
SO47940,BK-M68S-42,12994,20120427,20120504,20120509,2071,1,2071
SO47941,BK-M68S-46,13010,20120427,20120504,20120509,2071,1,2071
SO47942,BK-R50B-62,26167,20120427,20120504,20120509,783,1,783
SO47943,BK-R64Y-42,17196,20120428,20120505,20120510,1000,1,1000
SO47944,BK-M68B-46,28690,20120428,20120505,20120510,2049,1,2049
SO47945,BK-R89R-52,14791,20120428,20120505,20120510,2443,1,2443
SO47946,BK-R89R-48,14802,20120428,20120505,20120510,2443,1,2443
SO47947,BK-R64Y-44,14109,20120428,20120505,20120510,1000,1,1000
SO47948,BK-R89R-48,13450,20120428,20120505,20120510,2443,1,2443
SO47949,BK-R89B-52,13477,20120428,20120505,20120510,2182,1,2182
SO47950,BK-M68S-46,26484,20120428,20120505,20120510,2071,1,2071
SO47951,BK-M68S-46,12700,20120428,20120505,20120510,2071,1,2071
SO47952,BK-R89R-48,22193,20120428,20120505,20120510,2443,1,2443
SO47953,BK-R89R-48,21974,20120428,20120505,20120510,2443,1,2443
SO47954,BK-R50R-60,26191,20120428,20120505,20120510,783,1,783
SO47955,BK-R89B-52,16554,20120429,20120506,20120511,2182,1,2182
SO47956,BK-R89R-48,16271,20120429,20120506,20120511,2443,1,2443
SO47957,BK-R64Y-48,14095,20120429,20120506,20120511,1000,1,1000
SO47958,BK-R50R-48,15349,20120429,20120506,20120511,783,1,783
SO47959,BK-R50R-44,26189,20120429,20120506,20120511,783,1,783
SO48093,BK-R89B-52,16588,20120430,20120507,20120512,2182,1,2182
SO48094,BK-R89R-52,13657,20120430,20120507,20120512,2443,1,2443
SO48095,BK-R50B-58,20590,20120430,20120507,20120512,783,1,783
SO48096,BK-R50R-48,15398,20120430,20120507,20120512,783,1,783
SO48097,BK-R89R-48,22412,20120430,20120507,20120512,2443,1,2443
SO48098,BK-R89B-52,22400,20120430,20120507,20120512,2182,1,2182
SO48099,BK-M68B-42,12128,20120501,20120508,20120513,2049,1,2049
SO48100,BK-M68S-46,26546,20120501,20120508,20120513,2071,1,2071
SO48101,BK-R89R-48,22575,20120501,20120508,20120513,2443,1,2443
SO48102,BK-R89B-58,22576,20120501,20120508,20120513,2182,1,2182
SO48103,BK-R89B-52,16389,20120502,20120509,20120514,2182,1,2182
SO48104,BK-R50R-60,20859,20120502,20120509,20120514,783,1,783
SO48105,BK-M68S-46,26513,20120502,20120509,20120514,2071,1,2071
SO48106,BK-M68B-42,20546,20120502,20120509,20120514,2049,1,2049
SO48107,BK-R89R-52,22580,20120502,20120509,20120514,2443,1,2443
SO48108,BK-R64Y-48,24905,20120502,20120509,20120514,1000,1,1000
SO48109,BK-R89R-48,13489,20120503,20120510,20120515,2443,1,2443
SO48110,BK-R89R-58,16307,20120504,20120511,20120516,2182,1,2182
SO48111,BK-R64Y-40,14112,20120504,20120511,20120516,1000,1,1000
SO48112,BK-R89R-58,13712,20120504,20120511,20120516,2182,1,2182
SO48113,BK-R50B-60,20716,20120504,20120511,20120516,783,1,783
SO48114,BK-R50R-58,26439,20120504,20120511,20120516,783,1,783
SO48115,BK-R50R-58,26442,20120504,20120511,20120516,783,1,783
SO48116,BK-R64Y-38,19312,20120505,20120512,20120517,1000,1,1000
SO48117,BK-R89B-52,14930,20120505,20120512,20120517,2182,1,2182
SO48118,BK-R89B-52,16309,20120505,20120512,20120517,2182,1,2182
SO48119,BK-R89R-58,14851,20120505,20120512,20120517,2182,1,2182
SO48120,BK-R50R-62,15388,20120505,20120512,20120517,783,1,783
SO48121,BK-R89R-48,22410,20120505,20120512,20120517,2443,1,2443
SO48122,BK-R89R-48,22207,20120505,20120512,20120517,2443,1,2443
SO48123,BK-M68B-42,13080,20120505,20120512,20120517,2049,1,2049
SO48124,BK-R50R-44,26436,20120505,20120512,20120517,783,1,783
SO48125,BK-R64Y-48,14239,20120506,20120513,20120518,1000,1,1000
SO48126,BK-R64Y-44,14115,20120506,20120513,20120518,1000,1,1000
SO48127,BK-R50B-52,20598,20120506,20120513,20120518,783,1,783
SO48128,BK-M68S-38,26534,20120506,20120513,20120518,2071,1,2071
SO48129,BK-R89B-52,22582,20120506,20120513,20120518,2182,1,2182
SO48130,BK-R89R-44,16829,20120507,20120514,20120519,2443,1,2443
SO48131,BK-M68B-42,20483,20120507,20120514,20120519,2049,1,2049
SO48132,BK-M68S-38,26521,20120507,20120514,20120519,2071,1,2071
SO48133,BK-R89B-52,22571,20120507,20120514,20120519,2182,1,2182
SO48134,BK-R89R-58,22202,20120507,20120514,20120519,2182,1,2182
SO48135,BK-R64Y-40,24910,20120507,20120514,20120519,1000,1,1000
SO48136,BK-M68S-42,13082,20120507,20120514,20120519,2071,1,2071
SO48137,BK-M68S-38,12130,20120508,20120515,20120520,2071,1,2071
SO48138,BK-R89B-44,14818,20120508,20120515,20120520,2182,1,2182
SO48139,BK-R89R-52,22857,20120508,20120515,20120520,2443,1,2443
SO48140,BK-R50R-52,15374,20120508,20120515,20120520,783,1,783
SO48141,BK-M68S-42,12299,20120509,20120516,20120521,2071,1,2071
SO48142,BK-M68B-46,12213,20120509,20120516,20120521,2049,1,2049
SO48143,BK-R50R-44,20720,20120509,20120516,20120521,783,1,783
SO48144,BK-R89R-52,16823,20120509,20120516,20120521,2443,1,2443
SO48145,BK-M68B-46,26491,20120509,20120516,20120521,2049,1,2049
SO48146,BK-R89R-58,22578,20120509,20120516,20120521,2182,1,2182
SO48147,BK-R89B-52,22845,20120509,20120516,20120521,2182,1,2182
SO48148,BK-M68B-46,11614,20120510,20120517,20120522,2049,1,2049
SO48149,BK-R89R-58,16298,20120510,20120517,20120522,2182,1,2182
SO48150,BK-R89R-48,16822,20120510,20120517,20120522,2443,1,2443
SO48151,BK-R50B-58,19280,20120510,20120517,20120522,783,1,783
SO48152,BK-M68S-38,26536,20120510,20120517,20120522,2071,1,2071
SO48153,BK-M68B-46,26575,20120510,20120517,20120522,2049,1,2049
SO48154,BK-R89B-52,22402,20120510,20120517,20120522,2182,1,2182
SO48155,BK-R89R-58,22408,20120510,20120517,20120522,2182,1,2182
SO48156,BK-R89B-52,22581,20120510,20120517,20120522,2182,1,2182
SO48157,BK-R89R-58,22851,20120510,20120517,20120522,2182,1,2182
SO48158,BK-R50R-48,26433,20120510,20120517,20120522,783,1,783
SO48159,BK-R64Y-48,19322,20120511,20120518,20120523,1000,1,1000
SO48160,BK-R89R-58,14848,20120511,20120518,20120523,2182,1,2182
SO48161,BK-R89R-58,16938,20120511,20120518,20120523,2182,1,2182
SO48162,BK-R89R-48,13714,20120511,20120518,20120523,2443,1,2443
SO48163,BK-R89B-48,22854,20120511,20120518,20120523,2182,1,2182
SO48164,BK-R50R-48,26438,20120511,20120518,20120523,783,1,783
SO48165,BK-R89B-44,16327,20120512,20120519,20120524,2182,1,2182
SO48166,BK-R89R-44,13484,20120512,20120519,20120524,2443,1,2443
SO48167,BK-M68B-46,26539,20120512,20120519,20120524,2049,1,2049
SO48168,BK-R89B-44,22904,20120512,20120519,20120524,2182,1,2182
SO48169,BK-R89B-52,13653,20120513,20120520,20120525,2182,1,2182
SO48170,BK-M68S-42,11613,20120513,20120520,20120525,2071,1,2071
SO48171,BK-R89R-52,16313,20120513,20120520,20120525,2443,1,2443
SO48172,BK-R89R-48,13658,20120513,20120520,20120525,2443,1,2443
SO48173,BK-R89B-48,13704,20120513,20120520,20120525,2182,1,2182
SO48174,BK-R89R-52,16827,20120514,20120521,20120526,2443,1,2443
SO48175,BK-M68S-42,26545,20120514,20120521,20120526,2071,1,2071
SO48176,BK-R50B-62,15379,20120514,20120521,20120526,783,1,783
SO48177,BK-R64Y-42,17633,20120515,20120522,20120527,1000,1,1000
SO48178,BK-M68S-38,12125,20120515,20120522,20120527,2071,1,2071
SO48179,BK-R89R-48,16828,20120515,20120522,20120527,2443,1,2443
SO48180,BK-R89B-58,16316,20120515,20120522,20120527,2182,1,2182
SO48181,BK-R89R-52,13705,20120515,20120522,20120527,2443,1,2443
SO48182,BK-M68B-42,26600,20120515,20120522,20120527,2049,1,2049
SO48183,BK-R89B-44,22583,20120515,20120522,20120527,2182,1,2182
SO48184,BK-R64Y-38,24908,20120515,20120522,20120527,1000,1,1000
SO48185,BK-M68B-42,12286,20120516,20120523,20120528,2049,1,2049
SO48186,BK-R89B-58,16297,20120516,20120523,20120528,2182,1,2182
SO48187,BK-R50B-60,20862,20120516,20120523,20120528,783,1,783
SO48188,BK-R89B-52,22579,20120516,20120523,20120528,2182,1,2182
SO48189,BK-R50R-62,15371,20120516,20120523,20120528,783,1,783
SO48190,BK-R50R-60,26443,20120516,20120523,20120528,783,1,783
SO48191,BK-R50R-52,19292,20120517,20120524,20120529,783,1,783
SO48192,BK-R89B-52,13702,20120517,20120524,20120529,2182,1,2182
SO48193,BK-M68S-38,26499,20120517,20120524,20120529,2071,1,2071
SO48194,BK-R89R-48,22401,20120517,20120524,20120529,2443,1,2443
SO48195,BK-R89R-58,22399,20120517,20120524,20120529,2182,1,2182
SO48196,BK-R50R-44,26440,20120517,20120524,20120529,783,1,783
SO48197,BK-R50R-60,26422,20120517,20120524,20120529,783,1,783
SO48198,BK-R64Y-48,18164,20120518,20120525,20120530,1000,1,1000
SO48199,BK-R89B-44,16595,20120518,20120525,20120530,2182,1,2182
SO48200,BK-M68B-38,26537,20120518,20120525,20120530,2049,1,2049
SO48201,BK-M68S-46,26601,20120518,20120525,20120530,2071,1,2071
SO48202,BK-M68S-46,12225,20120519,20120526,20120531,2071,1,2071
SO48203,BK-M68B-42,12226,20120519,20120526,20120531,2049,1,2049
SO48204,BK-R50B-60,26445,20120519,20120526,20120531,783,1,783
SO48205,BK-M68B-46,26509,20120519,20120526,20120531,2049,1,2049
SO48206,BK-M68S-38,26538,20120519,20120526,20120531,2071,1,2071
SO48207,BK-R89B-44,22407,20120519,20120526,20120531,2182,1,2182
SO48208,BK-R89R-52,22201,20120519,20120526,20120531,2443,1,2443
SO48209,BK-R50R-58,15369,20120519,20120526,20120531,783,1,783
SO48210,BK-M68S-42,13089,20120519,20120526,20120531,2071,1,2071
SO48211,BK-R64Y-42,17634,20120520,20120527,20120601,1000,1,1000
SO48212,BK-M68B-46,12289,20120520,20120527,20120601,2049,1,2049
SO48213,BK-M68B-38,12292,20120520,20120527,20120601,2049,1,2049
SO48214,BK-R89R-44,16409,20120520,20120527,20120601,2443,1,2443
SO48215,BK-R64Y-44,26482,20120520,20120527,20120601,1000,1,1000
SO48216,BK-R50R-62,20719,20120520,20120527,20120601,783,1,783
SO48217,BK-R50R-62,15380,20120520,20120527,20120601,783,1,783
SO48218,BK-R89R-44,16594,20120521,20120528,20120602,2443,1,2443
SO48219,BK-M68S-42,26511,20120521,20120528,20120602,2071,1,2071
SO48220,BK-R89B-48,22409,20120521,20120528,20120602,2182,1,2182
SO48221,BK-R50B-62,15365,20120521,20120528,20120602,783,1,783
SO48222,BK-R64Y-38,14116,20120522,20120529,20120603,1000,1,1000
SO48223,BK-R64Y-40,14120,20120522,20120529,20120603,1000,1,1000
SO48224,BK-M68S-42,26581,20120522,20120529,20120603,2071,1,2071
SO48225,BK-R89R-58,22573,20120522,20120529,20120603,2182,1,2182
SO48226,BK-R50R-44,26444,20120522,20120529,20120603,783,1,783
SO48227,BK-R89R-44,14813,20120523,20120530,20120604,2443,1,2443
SO48228,BK-R89R-44,16598,20120523,20120530,20120604,2443,1,2443
SO48229,BK-M68S-42,26510,20120523,20120530,20120604,2071,1,2071
SO48230,BK-M68B-42,26530,20120523,20120530,20120604,2049,1,2049
SO48231,BK-M68B-46,26579,20120523,20120530,20120604,2049,1,2049
SO48232,BK-R50R-52,15396,20120523,20120530,20120604,783,1,783
SO48233,BK-R89R-58,22850,20120523,20120530,20120604,2182,1,2182
SO48234,BK-R89B-44,22203,20120523,20120530,20120604,2182,1,2182
SO48235,BK-R50R-58,15367,20120523,20120530,20120604,783,1,783
SO48236,BK-R50B-44,26423,20120523,20120530,20120604,783,1,783
SO48237,BK-R89B-58,14925,20120524,20120531,20120605,2182,1,2182
SO48238,BK-R89R-44,16831,20120524,20120531,20120605,2443,1,2443
SO48239,BK-R89B-44,13700,20120524,20120531,20120605,2182,1,2182
SO48240,BK-R50R-60,20856,20120524,20120531,20120605,783,1,783
SO48241,BK-M68B-42,26520,20120524,20120531,20120605,2049,1,2049
SO48242,BK-M68S-46,26532,20120524,20120531,20120605,2071,1,2071
SO48243,BK-R89R-58,22411,20120524,20120531,20120605,2182,1,2182
SO48244,BK-R89R-58,22860,20120524,20120531,20120605,2182,1,2182
SO48245,BK-M68S-42,12129,20120525,20120601,20120606,2071,1,2071
SO48246,BK-M68S-42,12218,20120525,20120601,20120606,2071,1,2071
SO48247,BK-R89B-44,16390,20120525,20120601,20120606,2182,1,2182
SO48248,BK-R50R-48,20852,20120525,20120601,20120606,783,1,783
SO48249,BK-R50B-62,15394,20120525,20120601,20120606,783,1,783
SO48250,BK-R89R-52,22572,20120525,20120601,20120606,2443,1,2443
SO48251,BK-R64Y-48,17641,20120526,20120602,20120607,1000,1,1000
SO48252,BK-R50R-58,20864,20120526,20120602,20120607,783,1,783
SO48253,BK-R89R-48,14926,20120526,20120602,20120607,2443,1,2443
SO48254,BK-R64Y-40,14117,20120526,20120602,20120607,1000,1,1000
SO48255,BK-R64Y-42,26496,20120526,20120602,20120607,1000,1,1000
SO48256,BK-R64Y-42,14240,20120526,20120602,20120607,1000,1,1000
SO48257,BK-R50R-58,19282,20120526,20120602,20120607,783,1,783
SO48258,BK-R50R-62,19287,20120526,20120602,20120607,783,1,783
SO48259,BK-R50R-44,27085,20120526,20120602,20120607,783,1,783
SO48260,BK-R50R-60,27099,20120526,20120602,20120607,783,1,783
SO48261,BK-R50R-48,27101,20120526,20120602,20120607,783,1,783
SO48262,BK-R64Y-42,24909,20120526,20120602,20120607,1000,1,1000
SO48263,BK-R50R-48,26435,20120526,20120602,20120607,783,1,783
SO48264,BK-R50R-48,26437,20120526,20120602,20120607,783,1,783
SO48265,BK-R89R-48,16945,20120527,20120603,20120608,2443,1,2443
SO48266,BK-R89R-52,13713,20120527,20120603,20120608,2443,1,2443
SO48267,BK-R50R-44,27102,20120527,20120603,20120608,783,1,783
SO48268,BK-R89R-52,22406,20120527,20120603,20120608,2443,1,2443
SO48269,BK-R50R-62,20863,20120527,20120603,20120608,783,1,783
SO48270,BK-M68B-42,13081,20120527,20120603,20120608,2049,1,2049
SO48271,BK-M68S-46,28727,20120528,20120604,20120609,2071,1,2071
SO48272,BK-R89R-58,14931,20120528,20120604,20120609,2182,1,2182
SO48273,BK-R89R-48,16589,20120528,20120604,20120609,2443,1,2443
SO48274,BK-R89R-52,22404,20120528,20120604,20120609,2443,1,2443
SO48275,BK-R64Y-44,24907,20120528,20120604,20120609,1000,1,1000
SO48276,BK-R50R-62,26429,20120528,20120604,20120609,783,1,783
SO48277,BK-M68B-42,12287,20120529,20120605,20120610,2049,1,2049
SO48278,BK-R89R-44,16305,20120529,20120605,20120610,2443,1,2443
SO48279,BK-R64Y-38,14121,20120529,20120605,20120610,1000,1,1000
SO48280,BK-R89B-52,13487,20120529,20120605,20120610,2182,1,2182
SO48281,BK-R89R-58,13492,20120529,20120605,20120610,2182,1,2182
SO48282,BK-M68B-46,26540,20120529,20120605,20120610,2049,1,2049
SO48283,BK-R50R-60,15389,20120529,20120605,20120610,783,1,783
SO48284,BK-R89B-52,22577,20120529,20120605,20120610,2182,1,2182
SO48285,BK-R50R-60,15372,20120529,20120605,20120610,783,1,783
SO48400,BK-R50R-44,20830,20120530,20120606,20120611,783,1,783
SO48401,BK-R89B-48,16451,20120530,20120606,20120611,2182,1,2182
SO48402,BK-R89B-58,17627,20120530,20120606,20120611,2182,1,2182
SO48403,BK-R64Y-40,14285,20120530,20120606,20120611,1000,1,1000
SO48404,BK-R89B-52,13730,20120530,20120606,20120611,2182,1,2182
SO48405,BK-M68S-46,12316,20120530,20120606,20120611,2071,1,2071
SO48406,BK-R50R-44,15473,20120530,20120606,20120611,783,1,783
SO48407,BK-R89B-48,22913,20120530,20120606,20120611,2182,1,2182
SO48408,BK-R89B-58,22927,20120530,20120606,20120611,2182,1,2182
SO48409,BK-R89R-52,22940,20120530,20120606,20120611,2443,1,2443
SO48410,BK-M68B-38,26649,20120530,20120606,20120611,2049,1,2049
SO48411,BK-R89R-58,17182,20120531,20120607,20120612,2182,1,2182
SO48412,BK-R50B-52,19310,20120531,20120607,20120612,783,1,783
SO48413,BK-R64Y-40,14288,20120531,20120607,20120612,1000,1,1000
SO48414,BK-R89R-48,13718,20120531,20120607,20120612,2443,1,2443
SO48415,BK-M68S-46,26634,20120531,20120607,20120612,2071,1,2071
SO48416,BK-R50R-58,15472,20120531,20120607,20120612,783,1,783
SO48417,BK-R89R-44,22932,20120531,20120607,20120612,2443,1,2443
SO48418,BK-M68S-38,13114,20120531,20120607,20120612,2071,1,2071
SO48419,BK-R50B-44,26585,20120531,20120607,20120612,783,1,783
SO48420,BK-R89B-52,14957,20120601,20120608,20120613,2182,1,2182
SO48421,BK-R64Y-44,19361,20120601,20120608,20120613,1000,1,1000
SO48422,BK-R89B-58,16946,20120601,20120608,20120613,2182,1,2182
SO48423,BK-R50B-48,19297,20120601,20120608,20120613,783,1,783
SO48424,BK-R89B-52,15070,20120601,20120608,20120613,2182,1,2182
SO48425,BK-R89B-58,16475,20120601,20120608,20120613,2182,1,2182
SO48426,BK-R64Y-40,14253,20120601,20120608,20120613,1000,1,1000
SO48427,BK-R64Y-48,14289,20120601,20120608,20120613,1000,1,1000
SO48428,BK-R89R-58,13733,20120601,20120608,20120613,2182,1,2182
SO48429,BK-M68S-38,12385,20120601,20120608,20120613,2071,1,2071
SO48430,BK-M68B-42,26633,20120601,20120608,20120613,2049,1,2049
SO48431,BK-M68S-42,26619,20120601,20120608,20120613,2071,1,2071
SO48432,BK-R89B-52,23098,20120601,20120608,20120613,2182,1,2182
SO48433,BK-R89B-58,23102,20120601,20120608,20120613,2182,1,2182
SO48434,BK-R89B-52,22912,20120601,20120608,20120613,2182,1,2182
SO48435,BK-R89B-52,22953,20120601,20120608,20120613,2182,1,2182
SO48436,BK-R64Y-48,14267,20120602,20120609,20120614,1000,1,1000
SO48437,BK-R50R-62,15466,20120602,20120609,20120614,783,1,783
SO48438,BK-M68B-46,13117,20120602,20120609,20120614,2049,1,2049
SO48439,BK-R64Y-48,17651,20120603,20120610,20120615,1000,1,1000
SO48440,BK-R50B-62,19309,20120603,20120610,20120615,783,1,783
SO48441,BK-R64Y-48,26503,20120603,20120610,20120615,1000,1,1000
SO48442,BK-R89B-52,13735,20120603,20120610,20120615,2182,1,2182
SO48443,BK-M68S-38,12232,20120603,20120610,20120615,2071,1,2071
SO48444,BK-M68B-46,26618,20120603,20120610,20120615,2049,1,2049
SO48445,BK-R50B-52,15411,20120603,20120610,20120615,783,1,783
SO48446,BK-R50B-44,27265,20120603,20120610,20120615,783,1,783
SO48447,BK-R50R-44,15471,20120603,20120610,20120615,783,1,783
SO48448,BK-R89B-48,22987,20120603,20120610,20120615,2182,1,2182
SO48449,BK-R89R-52,22907,20120603,20120610,20120615,2443,1,2443
SO48450,BK-M68B-46,26645,20120603,20120610,20120615,2049,1,2049
SO48451,BK-M68B-38,13107,20120603,20120610,20120615,2049,1,2049
SO48452,BK-R89R-44,14998,20120604,20120611,20120616,2443,1,2443
SO48453,BK-R64Y-42,17647,20120604,20120611,20120616,1000,1,1000
SO48454,BK-M68B-38,12328,20120604,20120611,20120616,2049,1,2049
SO48455,BK-M68B-42,12380,20120604,20120611,20120616,2049,1,2049
SO48456,BK-M68B-42,20651,20120604,20120611,20120616,2049,1,2049
SO48457,BK-M68B-46,13110,20120604,20120611,20120616,2049,1,2049
SO48458,BK-R89R-58,17097,20120605,20120612,20120617,2182,1,2182
SO48459,BK-R89B-58,14966,20120605,20120612,20120617,2182,1,2182
SO48460,BK-R89R-58,17098,20120605,20120612,20120617,2182,1,2182
SO48461,BK-R64Y-48,18167,20120605,20120612,20120617,1000,1,1000
SO48462,BK-R50R-48,20828,20120605,20120612,20120617,783,1,783
SO48463,BK-R89R-58,17225,20120605,20120612,20120617,2182,1,2182
SO48464,BK-R89B-48,13734,20120605,20120612,20120617,2182,1,2182
SO48465,BK-M68S-46,26626,20120605,20120612,20120617,2071,1,2071
SO48466,BK-R50B-58,15404,20120605,20120612,20120617,783,1,783
SO48467,BK-R50B-58,15409,20120605,20120612,20120617,783,1,783
SO48468,BK-R50B-62,15433,20120605,20120612,20120617,783,1,783
SO48469,BK-R89B-52,22961,20120605,20120612,20120617,2182,1,2182
SO48470,BK-R89B-58,23105,20120605,20120612,20120617,2182,1,2182
SO48471,BK-R89B-48,22909,20120605,20120612,20120617,2182,1,2182
SO48472,BK-R89B-44,22942,20120605,20120612,20120617,2182,1,2182
SO48473,BK-M68S-38,26641,20120605,20120612,20120617,2071,1,2071
SO48474,BK-R50R-48,26447,20120605,20120612,20120617,783,1,783
SO48475,BK-R89R-52,17214,20120606,20120613,20120618,2443,1,2443
SO48476,BK-R64Y-42,26512,20120606,20120613,20120618,1000,1,1000
SO48477,BK-M68S-38,26611,20120606,20120613,20120618,2071,1,2071
SO48478,BK-R89R-58,22929,20120606,20120613,20120618,2182,1,2182
SO48479,BK-R89B-44,22939,20120606,20120613,20120618,2182,1,2182
SO48480,BK-M68S-38,26642,20120606,20120613,20120618,2071,1,2071
SO48481,BK-M68B-38,20669,20120606,20120613,20120618,2049,1,2049
SO48482,BK-R64Y-44,24912,20120606,20120613,20120618,1000,1,1000
SO48483,BK-R64Y-38,24917,20120606,20120613,20120618,1000,1,1000
SO48484,BK-M68S-38,13525,20120606,20120613,20120618,2071,1,2071
SO48485,BK-R50B-60,26587,20120606,20120613,20120618,783,1,783
SO48486,BK-R50B-52,20866,20120607,20120614,20120619,783,1,783
SO48487,BK-R50B-60,20808,20120607,20120614,20120619,783,1,783
SO48488,BK-M68S-42,12229,20120607,20120614,20120619,2071,1,2071
SO48489,BK-R89R-48,22954,20120607,20120614,20120619,2443,1,2443
SO48490,BK-R64Y-38,24913,20120607,20120614,20120619,1000,1,1000
SO48491,BK-M68B-38,13126,20120607,20120614,20120619,2049,1,2049
SO48492,BK-R50R-52,26567,20120607,20120614,20120619,783,1,783
SO48493,BK-M68B-46,12402,20120608,20120615,20120620,2049,1,2049
SO48494,BK-R64Y-42,14272,20120608,20120615,20120620,1000,1,1000
SO48495,BK-M68B-42,26602,20120608,20120615,20120620,2049,1,2049
SO48496,BK-M68B-46,26603,20120608,20120615,20120620,2049,1,2049
SO48497,BK-M68B-42,26606,20120608,20120615,20120620,2049,1,2049
SO48498,BK-R64Y-44,24920,20120608,20120615,20120620,1000,1,1000
SO48499,BK-M68B-38,13132,20120608,20120615,20120620,2049,1,2049
SO48500,BK-M68B-38,13135,20120608,20120615,20120620,2049,1,2049
SO48501,BK-R64Y-40,19362,20120608,20120615,20120620,1000,1,1000
SO48502,BK-R50B-60,26566,20120608,20120615,20120620,783,1,783
SO48503,BK-R89R-52,15003,20120609,20120616,20120621,2443,1,2443
SO48504,BK-R50B-48,20879,20120609,20120616,20120621,783,1,783
SO48505,BK-R89R-58,15071,20120609,20120616,20120621,2182,1,2182
SO48506,BK-R89B-58,15072,20120609,20120616,20120621,2182,1,2182
SO48507,BK-R64Y-48,14255,20120609,20120616,20120621,1000,1,1000
SO48508,BK-R89B-52,13736,20120609,20120616,20120621,2182,1,2182
SO48509,BK-M68S-42,28740,20120609,20120616,20120621,2071,1,2071
SO48510,BK-M68S-42,26631,20120609,20120616,20120621,2071,1,2071
SO48511,BK-M68B-46,26635,20120609,20120616,20120621,2049,1,2049
SO48512,BK-M68S-38,20656,20120609,20120616,20120621,2071,1,2071
SO48513,BK-R50R-58,15417,20120609,20120616,20120621,783,1,783
SO48514,BK-R50B-44,15427,20120609,20120616,20120621,783,1,783
SO48515,BK-R89B-48,22959,20120609,20120616,20120621,2182,1,2182
SO48516,BK-M68S-42,13139,20120609,20120616,20120621,2071,1,2071
SO48517,BK-R89R-44,16442,20120610,20120617,20120622,2443,1,2443
SO48518,BK-R64Y-38,19337,20120610,20120617,20120622,1000,1,1000
SO48519,BK-R64Y-38,18176,20120610,20120617,20120622,1000,1,1000
SO48520,BK-R89B-52,16411,20120610,20120617,20120622,2182,1,2182
SO48521,BK-R89R-58,16422,20120610,20120617,20120622,2182,1,2182
SO48522,BK-R89R-52,15064,20120610,20120617,20120622,2443,1,2443
SO48523,BK-R89B-52,17203,20120610,20120617,20120622,2182,1,2182
SO48524,BK-R89B-52,15082,20120610,20120617,20120622,2182,1,2182
SO48525,BK-R64Y-42,14284,20120610,20120617,20120622,1000,1,1000
SO48526,BK-R89B-48,13724,20120610,20120617,20120622,2182,1,2182
SO48527,BK-M68S-38,26617,20120610,20120617,20120622,2071,1,2071
SO48528,BK-R89B-58,22908,20120610,20120617,20120622,2182,1,2182
SO48529,BK-M68B-42,26638,20120610,20120617,20120622,2049,1,2049
SO48530,BK-M68S-38,13104,20120610,20120617,20120622,2071,1,2071
SO48531,BK-M68B-42,13105,20120610,20120617,20120622,2049,1,2049
SO48532,BK-M68B-46,13112,20120610,20120617,20120622,2049,1,2049
SO48533,BK-R50R-48,26560,20120610,20120617,20120622,783,1,783
SO48534,BK-R89R-58,16448,20120611,20120618,20120623,2182,1,2182
SO48535,BK-R50B-44,19295,20120611,20120618,20120623,783,1,783
SO48536,BK-R64Y-44,14256,20120611,20120618,20120623,1000,1,1000
SO48537,BK-M68B-46,12318,20120611,20120618,20120623,2049,1,2049
SO48538,BK-R89B-58,22905,20120611,20120618,20120623,2182,1,2182
SO48539,BK-R89B-52,22921,20120611,20120618,20120623,2182,1,2182
SO48540,BK-R89B-52,22931,20120611,20120618,20120623,2182,1,2182
SO48541,BK-R89R-44,22943,20120611,20120618,20120623,2443,1,2443
SO48542,BK-M68B-42,26676,20120611,20120618,20120623,2049,1,2049
SO48543,BK-R64Y-44,24918,20120611,20120618,20120623,1000,1,1000
SO48544,BK-M68S-42,13119,20120611,20120618,20120623,2071,1,2071
SO48545,BK-M68B-42,12335,20120611,20120618,20120623,2049,1,2049
SO48546,BK-R89B-52,14960,20120612,20120619,20120624,2182,1,2182
SO48547,BK-R64Y-42,19029,20120612,20120619,20120624,1000,1,1000
SO48548,BK-R89R-52,16414,20120612,20120619,20120624,2443,1,2443
SO48549,BK-R89B-48,14946,20120612,20120619,20120624,2182,1,2182
SO48550,BK-R50R-44,19315,20120612,20120619,20120624,783,1,783
SO48551,BK-R50R-52,20833,20120612,20120619,20120624,783,1,783
SO48552,BK-R64Y-38,14242,20120612,20120619,20120624,1000,1,1000
SO48553,BK-R89R-52,13716,20120612,20120619,20120624,2443,1,2443
SO48554,BK-M68B-46,26622,20120612,20120619,20120624,2049,1,2049
SO48555,BK-R50R-62,15399,20120612,20120619,20120624,783,1,783
SO48556,BK-R89B-52,22936,20120612,20120619,20120624,2182,1,2182
SO48557,BK-R89R-52,22958,20120612,20120619,20120624,2443,1,2443
SO48558,BK-M68B-42,26684,20120612,20120619,20120624,2049,1,2049
SO48559,BK-M68S-42,13122,20120612,20120619,20120624,2071,1,2071
SO48560,BK-R50R-44,26561,20120612,20120619,20120624,783,1,783
SO48561,BK-R50B-48,26562,20120612,20120619,20120624,783,1,783
SO48562,BK-R89B-48,17085,20120613,20120620,20120625,2182,1,2182
SO48563,BK-R50B-48,20831,20120613,20120620,20120625,783,1,783
SO48564,BK-R89B-48,17218,20120613,20120620,20120625,2182,1,2182
SO48565,BK-M68B-38,26604,20120613,20120620,20120625,2049,1,2049
SO48566,BK-R89B-48,22906,20120613,20120620,20120625,2182,1,2182
SO48567,BK-R89B-52,14948,20120614,20120621,20120626,2182,1,2182
SO48568,BK-R50R-44,19296,20120614,20120621,20120626,783,1,783
SO48569,BK-R50R-62,20726,20120614,20120621,20120626,783,1,783
SO48570,BK-R64Y-48,26504,20120614,20120621,20120626,1000,1,1000
SO48571,BK-R89B-52,13726,20120614,20120621,20120626,2182,1,2182
SO48572,BK-M68B-46,28756,20120614,20120621,20120626,2049,1,2049
SO48573,BK-R50R-48,15419,20120614,20120621,20120626,783,1,783
SO48574,BK-R50R-58,15422,20120614,20120621,20120626,783,1,783
SO48575,BK-M68B-42,13123,20120614,20120621,20120626,2049,1,2049
SO48576,BK-M68B-46,13133,20120614,20120621,20120626,2049,1,2049
SO48577,BK-R50B-60,26571,20120614,20120621,20120626,783,1,783
SO48578,BK-R89B-52,17207,20120615,20120622,20120627,2182,1,2182
SO48579,BK-R89B-58,13741,20120615,20120622,20120627,2182,1,2182
SO48580,BK-M68B-38,12231,20120615,20120622,20120627,2049,1,2049
SO48581,BK-M68S-38,26632,20120615,20120622,20120627,2071,1,2071
SO48582,BK-R50B-52,15428,20120615,20120622,20120627,783,1,783
SO48583,BK-R89B-52,23106,20120615,20120622,20120627,2182,1,2182
SO48584,BK-R89B-58,22935,20120615,20120622,20120627,2182,1,2182
SO48585,BK-R64Y-48,24919,20120615,20120622,20120627,1000,1,1000
SO48586,BK-M68S-42,13113,20120615,20120622,20120627,2071,1,2071
SO48587,BK-R50R-60,26568,20120615,20120622,20120627,783,1,783
SO48588,BK-R50B-44,26569,20120615,20120622,20120627,783,1,783
SO48589,BK-R64Y-44,17646,20120616,20120623,20120628,1000,1,1000
SO48590,BK-M68S-38,28757,20120616,20120623,20120628,2071,1,2071
SO48591,BK-M68B-38,28739,20120616,20120623,20120628,2049,1,2049
SO48592,BK-M68S-42,12266,20120616,20120623,20120628,2071,1,2071
SO48593,BK-M68B-46,12394,20120616,20120623,20120628,2049,1,2049
SO48594,BK-M68B-46,26614,20120616,20120623,20120628,2049,1,2049
SO48595,BK-R89B-48,23097,20120616,20120623,20120628,2182,1,2182
SO48596,BK-R89B-44,23101,20120616,20120623,20120628,2182,1,2182
SO48597,BK-M68S-38,26650,20120616,20120623,20120628,2071,1,2071
SO48598,BK-M68S-38,13106,20120616,20120623,20120628,2071,1,2071
SO48599,BK-R89B-52,15002,20120617,20120624,20120629,2182,1,2182
SO48600,BK-R64Y-42,18185,20120617,20120624,20120629,1000,1,1000
SO48601,BK-M68B-46,28728,20120617,20120624,20120629,2049,1,2049
SO48602,BK-M68S-38,12237,20120617,20120624,20120629,2071,1,2071
SO48603,BK-M68S-46,28751,20120617,20120624,20120629,2071,1,2071
SO48604,BK-M68S-42,26609,20120617,20120624,20120629,2071,1,2071
SO48605,BK-M68B-38,26616,20120617,20120624,20120629,2049,1,2049
SO48606,BK-R89R-44,22988,20120617,20120624,20120629,2443,1,2443
SO48607,BK-R89B-52,22946,20120617,20120624,20120629,2182,1,2182
SO48608,BK-M68B-38,26644,20120617,20120624,20120629,2049,1,2049
SO48609,BK-M68S-46,26646,20120617,20120624,20120629,2071,1,2071
SO48610,BK-M68B-38,13134,20120617,20120624,20120629,2049,1,2049
SO48611,BK-M68B-42,13518,20120617,20120624,20120629,2049,1,2049
SO48612,BK-M68S-38,13520,20120617,20120624,20120629,2071,1,2071
SO48613,BK-R89B-48,14965,20120618,20120625,20120630,2182,1,2182
SO48614,BK-R89B-48,14976,20120618,20120625,20120630,2182,1,2182
SO48615,BK-R64Y-40,19360,20120618,20120625,20120630,1000,1,1000
SO48616,BK-R89B-44,13721,20120618,20120625,20120630,2182,1,2182
SO48617,BK-R89R-58,13725,20120618,20120625,20120630,2182,1,2182
SO48618,BK-R50B-58,27259,20120618,20120625,20120630,783,1,783
SO48619,BK-R89R-48,22934,20120618,20120625,20120630,2443,1,2443
SO48620,BK-M68B-42,20665,20120618,20120625,20120630,2049,1,2049
SO48621,BK-M68B-42,13129,20120618,20120625,20120630,2049,1,2049
SO48622,BK-M68S-46,13156,20120618,20120625,20120630,2071,1,2071
SO48623,BK-M68S-46,13108,20120618,20120625,20120630,2071,1,2071
SO48624,BK-M68B-46,13109,20120618,20120625,20120630,2049,1,2049
SO48625,BK-R50B-62,26547,20120618,20120625,20120630,783,1,783
SO48626,BK-R50B-60,26570,20120618,20120625,20120630,783,1,783
SO48627,BK-M68B-46,28758,20120619,20120626,20120701,2049,1,2049
SO48628,BK-M68S-38,12381,20120619,20120626,20120701,2071,1,2071
SO48629,BK-R64Y-48,24916,20120619,20120626,20120701,1000,1,1000
SO48630,BK-M68B-38,26623,20120620,20120627,20120702,2049,1,2049
SO48631,BK-R89B-48,17185,20120620,20120627,20120702,2182,1,2182
SO48632,BK-R89B-58,17192,20120620,20120627,20120702,2182,1,2182
SO48633,BK-R50B-44,20875,20120620,20120627,20120702,783,1,783
SO48634,BK-M68B-46,12230,20120620,20120627,20120702,2049,1,2049
SO48635,BK-M68B-38,28750,20120620,20120627,20120702,2049,1,2049
SO48636,BK-R50R-62,15429,20120620,20120627,20120702,783,1,783
SO48637,BK-R50B-62,15474,20120620,20120627,20120702,783,1,783
SO48638,BK-R50B-60,15475,20120620,20120627,20120702,783,1,783
SO48639,BK-M68B-38,20670,20120620,20120627,20120702,2049,1,2049
SO48640,BK-M68S-46,26681,20120620,20120627,20120702,2071,1,2071
SO48641,BK-M68S-42,13524,20120620,20120627,20120702,2071,1,2071
SO48642,BK-R89R-58,15061,20120621,20120628,20120703,2182,1,2182
SO48643,BK-R50B-52,20869,20120621,20120628,20120703,783,1,783
SO48644,BK-R64Y-44,14270,20120621,20120628,20120703,1000,1,1000
SO48645,BK-R64Y-44,14283,20120621,20120628,20120703,1000,1,1000
SO48646,BK-R89R-52,13722,20120621,20120628,20120703,2443,1,2443
SO48647,BK-M68S-42,26625,20120621,20120628,20120703,2071,1,2071
SO48648,BK-M68S-42,26610,20120621,20120628,20120703,2071,1,2071
SO48649,BK-R50B-44,15432,20120621,20120628,20120703,783,1,783
SO48650,BK-R89B-44,22986,20120621,20120628,20120703,2182,1,2182
SO48651,BK-R89B-52,22926,20120621,20120628,20120703,2182,1,2182
SO48652,BK-R89R-44,22951,20120621,20120628,20120703,2443,1,2443
SO48653,BK-M68B-42,20680,20120621,20120628,20120703,2049,1,2049
SO48654,BK-R89B-48,17094,20120622,20120629,20120704,2182,1,2182
SO48655,BK-R64Y-42,18183,20120622,20120629,20120704,1000,1,1000
SO48656,BK-R50B-62,20829,20120622,20120629,20120704,783,1,783
SO48657,BK-R89B-44,15067,20120622,20120629,20120704,2182,1,2182
SO48658,BK-M68S-38,12228,20120622,20120629,20120704,2071,1,2071
SO48659,BK-M68B-46,28749,20120622,20120629,20120704,2049,1,2049
SO48660,BK-M68S-46,26607,20120622,20120629,20120704,2071,1,2071
SO48661,BK-R50B-58,15467,20120622,20120629,20120704,783,1,783
SO48662,BK-R89R-48,22938,20120622,20120629,20120704,2443,1,2443
SO48663,BK-M68B-46,13118,20120622,20120629,20120704,2049,1,2049
SO48664,BK-M68S-42,13521,20120622,20120629,20120704,2071,1,2071
SO48665,BK-R50B-60,20872,20120622,20120629,20120704,783,1,783
SO48666,BK-M68B-42,13090,20120622,20120629,20120704,2049,1,2049
SO48667,BK-R64Y-48,19341,20120623,20120630,20120705,1000,1,1000
SO48668,BK-R64Y-48,18626,20120623,20120630,20120705,1000,1,1000
SO48669,BK-R50R-48,19293,20120623,20120630,20120705,783,1,783
SO48670,BK-R89B-52,13715,20120623,20120630,20120705,2182,1,2182
SO48671,BK-M68B-42,12270,20120623,20120630,20120705,2049,1,2049
SO48672,BK-R89B-58,22950,20120623,20120630,20120705,2182,1,2182
SO48673,BK-M68B-42,13131,20120623,20120630,20120705,2049,1,2049
SO48674,BK-R50B-60,26548,20120623,20120630,20120705,783,1,783
SO48675,BK-R89B-58,15079,20120624,20120701,20120706,2182,1,2182
SO48676,BK-R89R-52,13729,20120624,20120701,20120706,2443,1,2443
SO48677,BK-M68B-38,12391,20120624,20120701,20120706,2049,1,2049
SO48678,BK-M68B-46,26627,20120624,20120701,20120706,2049,1,2049
SO48679,BK-M68S-38,26608,20120624,20120701,20120706,2071,1,2071
SO48680,BK-R50B-48,27242,20120624,20120701,20120706,783,1,783
SO48681,BK-M68S-38,13160,20120624,20120701,20120706,2071,1,2071
SO48682,BK-M68S-42,13091,20120624,20120701,20120706,2071,1,2071
SO48683,BK-R64Y-42,17648,20120625,20120702,20120707,1000,1,1000
SO48684,BK-R89B-58,16534,20120625,20120702,20120707,2182,1,2182
SO48685,BK-R89R-48,13728,20120625,20120702,20120707,2443,1,2443
SO48686,BK-R89R-58,25999,20120625,20120702,20120707,2182,1,2182
SO48687,BK-M68S-38,12317,20120625,20120702,20120707,2071,1,2071
SO48688,BK-R89B-44,22966,20120625,20120702,20120707,2182,1,2182
SO48689,BK-R64Y-42,24914,20120625,20120702,20120707,1000,1,1000
SO48690,BK-M68B-42,13130,20120625,20120702,20120707,2049,1,2049
SO48691,BK-R50B-44,26549,20120625,20120702,20120707,783,1,783
SO48692,BK-R64Y-38,18171,20120626,20120703,20120708,1000,1,1000
SO48693,BK-R89R-52,25995,20120626,20120703,20120708,2443,1,2443
SO48694,BK-M68B-46,12315,20120626,20120703,20120708,2049,1,2049
SO48695,BK-M68B-46,26624,20120626,20120703,20120708,2049,1,2049
SO48696,BK-R89R-44,23100,20120626,20120703,20120708,2443,1,2443
SO48697,BK-R89R-58,22933,20120626,20120703,20120708,2182,1,2182
SO48698,BK-M68B-46,26647,20120626,20120703,20120708,2049,1,2049
SO48699,BK-M68B-46,13115,20120626,20120703,20120708,2049,1,2049
SO48700,BK-M68B-42,13519,20120626,20120703,20120708,2049,1,2049
SO48701,BK-M68B-42,13103,20120626,20120703,20120708,2049,1,2049
SO48702,BK-R89B-52,17115,20120627,20120704,20120709,2182,1,2182
SO48703,BK-R89R-48,15004,20120627,20120704,20120709,2443,1,2443
SO48704,BK-R89R-48,16429,20120627,20120704,20120709,2443,1,2443
SO48705,BK-R89B-44,14995,20120627,20120704,20120709,2182,1,2182
SO48706,BK-R64Y-44,19359,20120627,20120704,20120709,1000,1,1000
SO48707,BK-R50R-44,19313,20120627,20120704,20120709,783,1,783
SO48708,BK-R89B-52,16466,20120627,20120704,20120709,2182,1,2182
SO48709,BK-R64Y-38,14268,20120627,20120704,20120709,1000,1,1000
SO48710,BK-M68S-42,12305,20120627,20120704,20120709,2071,1,2071
SO48711,BK-R50R-44,15410,20120627,20120704,20120709,783,1,783
SO48712,BK-R50B-44,27252,20120627,20120704,20120709,783,1,783
SO48713,BK-R50B-60,27253,20120627,20120704,20120709,783,1,783
SO48714,BK-R89B-52,23104,20120627,20120704,20120709,2182,1,2182
SO48715,BK-R89B-48,23107,20120627,20120704,20120709,2182,1,2182
SO48716,BK-R89B-52,17626,20120628,20120705,20120710,2182,1,2182
SO48717,BK-M68S-38,28736,20120628,20120705,20120710,2071,1,2071
SO48718,BK-M68S-46,12382,20120628,20120705,20120710,2071,1,2071
SO48719,BK-R89R-44,23099,20120628,20120705,20120710,2443,1,2443
SO48720,BK-R89R-58,22910,20120628,20120705,20120710,2182,1,2182
SO48721,BK-R89R-44,22930,20120628,20120705,20120710,2443,1,2443
SO48722,BK-R89R-48,22937,20120628,20120705,20120710,2443,1,2443
SO48723,BK-R89R-48,14944,20120629,20120706,20120711,2443,1,2443
SO48724,BK-R50B-48,20722,20120629,20120706,20120711,783,1,783
SO48725,BK-R89B-52,17202,20120629,20120706,20120711,2182,1,2182
SO48726,BK-R64Y-40,24915,20120629,20120706,20120711,1000,1,1000
SO48727,BK-M68B-42,13128,20120629,20120706,20120711,2049,1,2049
SO48728,BK-M68S-42,13111,20120629,20120706,20120711,2071,1,2071
SO48729,BK-R50R-62,26563,20120629,20120706,20120711,783,1,783
SO48795,BK-R89B-48,16538,20120630,20120707,20120712,2182,1,2182
SO48796,BK-R89B-48,15094,20120630,20120707,20120712,2182,1,2182
SO48797,BK-R64Y-42,14335,20120630,20120707,20120712,1000,1,1000
SO48798,BK-R89R-48,23332,20120630,20120707,20120712,2443,1,2443
SO48799,BK-M68S-38,26708,20120630,20120707,20120712,2071,1,2071
SO48800,BK-R50B-52,15491,20120630,20120707,20120712,783,1,783
SO48801,BK-R50R-44,15493,20120630,20120707,20120712,783,1,783
SO48802,BK-R64Y-40,24923,20120630,20120707,20120712,1000,1,1000
SO48803,BK-R64Y-40,19416,20120701,20120708,20120713,1000,1,1000
SO48804,BK-M68S-46,12276,20120701,20120708,20120713,2071,1,2071
SO48805,BK-R50R-52,19318,20120701,20120708,20120713,783,1,783
SO48806,BK-R50B-48,20885,20120701,20120708,20120713,783,1,783
SO48807,BK-R50R-62,20892,20120701,20120708,20120713,783,1,783
SO48808,BK-R89R-44,16552,20120701,20120708,20120713,2443,1,2443
SO48809,BK-R89R-48,23411,20120701,20120708,20120713,2443,1,2443
SO48810,BK-R89R-48,23415,20120701,20120708,20120713,2443,1,2443
SO48811,BK-R50B-60,15517,20120701,20120708,20120713,783,1,783
SO48812,BK-M68S-46,13630,20120701,20120708,20120713,2071,1,2071
SO48813,BK-M68B-46,13631,20120701,20120708,20120713,2049,1,2049
SO48814,BK-M68B-42,13647,20120701,20120708,20120713,2049,1,2049
SO48815,BK-R89B-52,17700,20120702,20120709,20120714,2182,1,2182
SO48816,BK-M68S-46,12459,20120702,20120709,20120714,2071,1,2071
SO48817,BK-R89B-44,26049,20120702,20120709,20120714,2182,1,2182
SO48818,BK-R50B-58,15497,20120702,20120709,20120714,783,1,783
SO48819,BK-M68S-38,13622,20120702,20120709,20120714,2071,1,2071
SO48820,BK-M68B-38,13958,20120702,20120709,20120714,2049,1,2049
SO48821,BK-R89B-58,23344,20120702,20120709,20120714,2182,1,2182
SO48822,BK-R89B-58,17743,20120703,20120710,20120715,2182,1,2182
SO48823,BK-R89R-48,16821,20120703,20120710,20120715,2443,1,2443
SO48824,BK-R89R-48,23408,20120703,20120710,20120715,2443,1,2443
SO48825,BK-R89B-44,23414,20120703,20120710,20120715,2182,1,2182
SO48826,BK-R89R-48,23421,20120703,20120710,20120715,2443,1,2443
SO48827,BK-M68B-42,26729,20120703,20120710,20120715,2049,1,2049
SO48828,BK-R89R-48,23120,20120703,20120710,20120715,2443,1,2443
SO48829,BK-R89R-44,23121,20120703,20120710,20120715,2443,1,2443
SO48830,BK-R89R-58,17750,20120704,20120711,20120716,2182,1,2182
SO48831,BK-R50R-44,20886,20120704,20120711,20120716,783,1,783
SO48832,BK-R89B-44,23418,20120704,20120711,20120716,2182,1,2182
SO48833,BK-R89B-44,23118,20120704,20120711,20120716,2182,1,2182
SO48834,BK-M68S-38,26695,20120704,20120711,20120716,2071,1,2071
SO48835,BK-M68B-42,21148,20120704,20120711,20120716,2049,1,2049
SO48836,BK-M68B-42,13959,20120704,20120711,20120716,2049,1,2049
SO48837,BK-R89R-58,23311,20120705,20120712,20120717,2182,1,2182
SO48838,BK-R89B-44,23409,20120705,20120712,20120717,2182,1,2182
SO48839,BK-R89R-44,16567,20120706,20120713,20120718,2443,1,2443
SO48840,BK-R89R-48,17753,20120706,20120713,20120718,2443,1,2443
SO48841,BK-R64Y-38,17716,20120706,20120713,20120718,1000,1,1000
SO48842,BK-M68S-38,12463,20120706,20120713,20120718,2071,1,2071
SO48843,BK-R50R-62,15489,20120706,20120713,20120718,783,1,783
SO48844,BK-R50B-44,15492,20120706,20120713,20120718,783,1,783
SO48845,BK-M68B-46,13620,20120706,20120713,20120718,2049,1,2049
SO48846,BK-M68B-42,13651,20120706,20120713,20120718,2049,1,2049
SO48847,BK-R64Y-40,14336,20120706,20120713,20120718,1000,1,1000
SO48848,BK-R64Y-40,19424,20120707,20120714,20120719,1000,1,1000
SO48849,BK-M68B-42,28904,20120707,20120714,20120719,2049,1,2049
SO48850,BK-M68S-38,29361,20120707,20120714,20120719,2071,1,2071
SO48851,BK-M68S-42,26717,20120707,20120714,20120719,2071,1,2071
SO48852,BK-R50R-62,15503,20120707,20120714,20120719,783,1,783
SO48853,BK-R50B-62,15520,20120707,20120714,20120719,783,1,783
SO48854,BK-M68S-42,13643,20120707,20120714,20120719,2071,1,2071
SO48855,BK-M68S-42,13955,20120707,20120714,20120719,2071,1,2071
SO48856,BK-M68B-38,13967,20120707,20120714,20120719,2049,1,2049
SO48857,BK-R50B-52,26652,20120707,20120714,20120719,783,1,783
SO48858,BK-R89R-44,15455,20120708,20120715,20120720,2443,1,2443
SO48859,BK-R89B-44,16603,20120708,20120715,20120720,2182,1,2182
SO48860,BK-R89B-48,13849,20120708,20120715,20120720,2182,1,2182
SO48861,BK-M68S-38,26786,20120708,20120715,20120720,2071,1,2071
SO48862,BK-M68S-38,26805,20120708,20120715,20120720,2071,1,2071
SO48863,BK-M68S-38,26718,20120708,20120715,20120720,2071,1,2071
SO48864,BK-M68S-46,13964,20120708,20120715,20120720,2071,1,2071
SO48865,BK-R64Y-38,24924,20120708,20120715,20120720,1000,1,1000
SO48866,BK-M68B-46,13527,20120708,20120715,20120720,2049,1,2049
SO48867,BK-R89B-44,15451,20120709,20120716,20120721,2182,1,2182
SO48868,BK-R50B-44,19320,20120709,20120716,20120721,783,1,783
SO48869,BK-R89R-58,23314,20120709,20120716,20120721,2182,1,2182
SO48870,BK-R89R-58,23316,20120709,20120716,20120721,2182,1,2182
SO48871,BK-M68B-42,20736,20120709,20120716,20120721,2049,1,2049
SO48872,BK-R50B-60,15483,20120709,20120716,20120721,783,1,783
SO48873,BK-R50R-60,15499,20120709,20120716,20120721,783,1,783
SO48874,BK-M68B-42,13970,20120709,20120716,20120721,2049,1,2049
SO48875,BK-R64Y-38,24922,20120709,20120716,20120721,1000,1,1000
SO48876,BK-R50B-60,26588,20120709,20120716,20120721,783,1,783
SO48877,BK-R50R-48,26657,20120709,20120716,20120721,783,1,783
SO48878,BK-R89B-48,17715,20120710,20120717,20120722,2182,1,2182
SO48879,BK-M68B-46,12526,20120710,20120717,20120722,2049,1,2049
SO48880,BK-R89R-44,13746,20120710,20120717,20120722,2443,1,2443
SO48881,BK-R89R-58,23324,20120710,20120717,20120722,2182,1,2182
SO48882,BK-M68B-46,26801,20120710,20120717,20120722,2049,1,2049
SO48883,BK-M68S-46,13528,20120710,20120717,20120722,2071,1,2071
SO48884,BK-R64Y-48,24921,20120710,20120717,20120722,1000,1,1000
SO48885,BK-R89R-58,17755,20120711,20120718,20120723,2182,1,2182
SO48886,BK-M68S-38,12473,20120711,20120718,20120723,2071,1,2071
SO48887,BK-M68S-46,26811,20120711,20120718,20120723,2071,1,2071
SO48888,BK-R50R-48,15482,20120711,20120718,20120723,783,1,783
SO48889,BK-M68B-46,26711,20120711,20120718,20120723,2049,1,2049
SO48890,BK-M68B-38,13618,20120711,20120718,20120723,2049,1,2049
SO48891,BK-M68B-42,13650,20120711,20120718,20120723,2049,1,2049
SO48892,BK-R64Y-48,17714,20120712,20120719,20120724,1000,1,1000
SO48893,BK-R89B-52,17772,20120712,20120719,20120724,2182,1,2182
SO48894,BK-R64Y-40,19034,20120712,20120719,20120724,1000,1,1000
SO48895,BK-R64Y-40,19418,20120712,20120719,20120724,1000,1,1000
SO48896,BK-R89B-44,17632,20120712,20120719,20120724,2182,1,2182
SO48897,BK-R89B-52,16540,20120712,20120719,20120724,2182,1,2182
SO48898,BK-R89B-44,13856,20120712,20120719,20120724,2182,1,2182
SO48899,BK-R89B-44,23313,20120712,20120719,20120724,2182,1,2182
SO48900,BK-M68B-38,26734,20120712,20120719,20120724,2049,1,2049
SO48901,BK-M68S-38,13960,20120712,20120719,20120724,2071,1,2071
SO48902,BK-M68B-38,13966,20120712,20120719,20120724,2049,1,2049
SO48903,BK-R50B-52,26653,20120712,20120719,20120724,783,1,783
SO48904,BK-M68B-46,12492,20120713,20120720,20120725,2049,1,2049
SO48905,BK-M68B-46,26814,20120713,20120720,20120725,2049,1,2049
SO48906,BK-M68S-46,26705,20120713,20120720,20120725,2071,1,2071
SO48907,BK-M68B-46,26727,20120713,20120720,20120725,2049,1,2049
SO48908,BK-M68B-46,13626,20120713,20120720,20120725,2049,1,2049
SO48909,BK-M68S-38,13953,20120713,20120720,20120725,2071,1,2071
SO48910,BK-R89B-52,16587,20120714,20120721,20120726,2182,1,2182
SO48911,BK-R50B-60,20880,20120714,20120721,20120726,783,1,783
SO48912,BK-R50R-48,20841,20120714,20120721,20120726,783,1,783
SO48913,BK-R89R-48,23412,20120714,20120721,20120726,2443,1,2443
SO48914,BK-M68S-46,26735,20120714,20120721,20120726,2071,1,2071
SO48915,BK-R50B-60,15481,20120714,20120721,20120726,783,1,783
SO48916,BK-M68B-38,13616,20120714,20120721,20120726,2049,1,2049
SO48917,BK-M68S-46,13636,20120714,20120721,20120726,2071,1,2071
SO48918,BK-M68B-46,13638,20120714,20120721,20120726,2049,1,2049
SO48919,BK-R50R-44,26658,20120714,20120721,20120726,783,1,783
SO48920,BK-M68S-42,12275,20120715,20120722,20120727,2071,1,2071
SO48921,BK-M68B-42,12560,20120715,20120722,20120727,2049,1,2049
SO48922,BK-R89R-44,15095,20120715,20120722,20120727,2443,1,2443
SO48923,BK-R64Y-40,14298,20120715,20120722,20120727,1000,1,1000
SO48924,BK-R89R-44,26040,20120715,20120722,20120727,2443,1,2443
SO48925,BK-R50R-62,15480,20120715,20120722,20120727,783,1,783
SO48926,BK-R89B-44,23117,20120715,20120722,20120727,2182,1,2182
SO48927,BK-M68B-46,26703,20120715,20120722,20120727,2049,1,2049
SO48928,BK-R50B-58,15502,20120715,20120722,20120727,783,1,783
SO48929,BK-M68S-38,13526,20120715,20120722,20120727,2071,1,2071
SO48930,BK-R89R-58,15086,20120715,20120722,20120727,2182,1,2182
SO48931,BK-R64Y-44,19382,20120716,20120723,20120728,1000,1,1000
SO48932,BK-R64Y-42,14297,20120716,20120723,20120728,1000,1,1000
SO48933,BK-M68B-46,26694,20120716,20120723,20120728,2049,1,2049
SO48934,BK-M68S-42,26710,20120716,20120723,20120728,2071,1,2071
SO48935,BK-R50R-52,15518,20120716,20120723,20120728,783,1,783
SO48936,BK-M68S-38,13644,20120716,20120723,20120728,2071,1,2071
SO48937,BK-M68S-38,13529,20120716,20120723,20120728,2071,1,2071
SO48938,BK-R89B-44,17720,20120717,20120724,20120729,2182,1,2182
SO48939,BK-R89R-48,15462,20120717,20120724,20120729,2443,1,2443
SO48940,BK-R50R-62,20835,20120717,20120724,20120729,783,1,783
SO48941,BK-R89R-48,26013,20120717,20120724,20120729,2443,1,2443
SO48942,BK-M68B-46,26728,20120717,20120724,20120729,2049,1,2049
SO48943,BK-M68S-38,13973,20120717,20120724,20120729,2071,1,2071
SO48944,BK-R64Y-40,25010,20120717,20120724,20120729,1000,1,1000
SO48945,BK-R89R-52,17644,20120718,20120725,20120730,2443,1,2443
SO48946,BK-M68B-38,26725,20120718,20120725,20120730,2049,1,2049
SO48947,BK-M68S-38,13957,20120718,20120725,20120730,2071,1,2071
SO48948,BK-M68S-42,13974,20120718,20120725,20120730,2071,1,2071
SO48949,BK-R50B-60,26591,20120718,20120725,20120730,783,1,783
SO48950,BK-M68B-38,12486,20120719,20120726,20120731,2049,1,2049
SO48951,BK-M68S-38,29388,20120719,20120726,20120731,2071,1,2071
SO48952,BK-R89R-44,15093,20120719,20120726,20120731,2443,1,2443
SO48953,BK-R89R-52,23413,20120719,20120726,20120731,2443,1,2443
SO48954,BK-M68B-46,26724,20120719,20120726,20120731,2049,1,2049
SO48955,BK-M68B-38,13645,20120719,20120726,20120731,2049,1,2049
SO48956,BK-M68S-46,13968,20120719,20120726,20120731,2071,1,2071
SO48957,BK-R50B-58,20836,20120720,20120727,20120801,783,1,783
SO48958,BK-R89B-52,23310,20120720,20120727,20120801,2182,1,2182
SO48959,BK-R89B-48,23417,20120720,20120727,20120801,2182,1,2182
SO48960,BK-M68S-42,26726,20120720,20120727,20120801,2071,1,2071
SO48961,BK-M68B-38,13619,20120720,20120727,20120801,2049,1,2049
SO48962,BK-M68B-46,13649,20120720,20120727,20120801,2049,1,2049
SO48963,BK-R64Y-40,25011,20120720,20120727,20120801,1000,1,1000
SO48964,BK-R89R-58,16824,20120721,20120728,20120802,2182,1,2182
SO48965,BK-R64Y-48,19030,20120721,20120728,20120802,1000,1,1000
SO48966,BK-R89B-44,17639,20120721,20120728,20120802,2182,1,2182
SO48967,BK-R64Y-44,14292,20120721,20120728,20120802,1000,1,1000
SO48968,BK-R89R-58,13742,20120721,20120728,20120802,2182,1,2182
SO48969,BK-R89B-58,23320,20120721,20120728,20120802,2182,1,2182
SO48970,BK-R64Y-42,26529,20120721,20120728,20120802,1000,1,1000
SO48971,BK-M68B-46,13625,20120721,20120728,20120802,2049,1,2049
SO48972,BK-M68B-42,13629,20120721,20120728,20120802,2049,1,2049
SO48973,BK-R50B-62,26656,20120721,20120728,20120802,783,1,783
SO48974,BK-R89B-48,17717,20120722,20120729,20120803,2182,1,2182
SO48975,BK-R64Y-44,17739,20120722,20120729,20120803,1000,1,1000
SO48976,BK-M68S-42,12404,20120722,20120729,20120803,2071,1,2071
SO48977,BK-R50R-58,20842,20120722,20120729,20120803,783,1,783
SO48978,BK-R64Y-44,14290,20120722,20120729,20120803,1000,1,1000
SO48979,BK-R89B-48,13855,20120722,20120729,20120803,2182,1,2182
SO48980,BK-R89R-48,23322,20120722,20120729,20120803,2443,1,2443
SO48981,BK-R89R-44,23348,20120722,20120729,20120803,2443,1,2443
SO48982,BK-R50R-60,15484,20120722,20120729,20120803,783,1,783
SO48983,BK-R50B-58,15500,20120722,20120729,20120803,783,1,783
SO48984,BK-M68S-42,13632,20120722,20120729,20120803,2071,1,2071
SO48985,BK-M68B-42,13646,20120722,20120729,20120803,2049,1,2049
SO48986,BK-R50R-62,26651,20120722,20120729,20120803,783,1,783
SO48987,BK-R50R-58,26655,20120722,20120729,20120803,783,1,783
SO48988,BK-R89R-52,16565,20120723,20120730,20120804,2443,1,2443
SO48989,BK-M68B-42,29364,20120723,20120730,20120804,2049,1,2049
SO48990,BK-M68B-46,12559,20120723,20120730,20120804,2049,1,2049
SO48991,BK-M68S-42,12291,20120723,20120730,20120804,2071,1,2071
SO48992,BK-R89B-58,13862,20120723,20120730,20120804,2182,1,2182
SO48993,BK-R89B-52,23410,20120723,20120730,20120804,2182,1,2182
SO48994,BK-R50R-62,15506,20120723,20120730,20120804,783,1,783
SO48995,BK-M68S-42,28885,20120724,20120731,20120805,2071,1,2071
SO48996,BK-R64Y-44,14334,20120724,20120731,20120805,1000,1,1000
SO48997,BK-R89R-48,13854,20120724,20120731,20120805,2443,1,2443
SO48998,BK-R50B-58,26661,20120724,20120731,20120805,783,1,783
SO48999,BK-R89B-52,15463,20120725,20120801,20120806,2182,1,2182
SO49000,BK-M68B-42,12460,20120725,20120801,20120806,2049,1,2049
SO49001,BK-M68S-46,29380,20120725,20120801,20120806,2071,1,2071
SO49002,BK-R89R-58,23323,20120725,20120801,20120806,2182,1,2182
SO49003,BK-R89R-48,23325,20120725,20120801,20120806,2443,1,2443
SO49004,BK-R89R-52,23420,20120725,20120801,20120806,2443,1,2443
SO49005,BK-M68B-46,26723,20120725,20120801,20120806,2049,1,2049
SO49006,BK-M68B-42,13633,20120725,20120801,20120806,2049,1,2049
SO49007,BK-M68B-46,13637,20120725,20120801,20120806,2049,1,2049
SO49008,BK-R50R-52,26660,20120725,20120801,20120806,783,1,783
SO49009,BK-R50B-58,20890,20120726,20120802,20120807,783,1,783
SO49010,BK-R89R-48,23416,20120726,20120802,20120807,2443,1,2443
SO49011,BK-M68B-38,26698,20120726,20120802,20120807,2049,1,2049
SO49012,BK-R89R-44,16572,20120727,20120803,20120808,2443,1,2443
SO49013,BK-R89R-52,13745,20120727,20120803,20120808,2443,1,2443
SO49014,BK-R89R-44,23331,20120727,20120803,20120808,2443,1,2443
SO49015,BK-M68S-38,13965,20120727,20120803,20120808,2071,1,2071
SO49016,BK-M68B-38,13971,20120727,20120803,20120808,2049,1,2049
SO49017,BK-R89B-48,17744,20120728,20120804,20120809,2182,1,2182
SO49018,BK-R89R-58,17747,20120728,20120804,20120809,2182,1,2182
SO49019,BK-R89R-58,17782,20120728,20120804,20120809,2182,1,2182
SO49020,BK-R64Y-42,19035,20120728,20120804,20120809,1000,1,1000
SO49021,BK-R89R-58,13744,20120728,20120804,20120809,2182,1,2182
SO49022,BK-R89B-52,23116,20120728,20120804,20120809,2182,1,2182
SO49023,BK-R50R-48,26589,20120728,20120804,20120809,783,1,783
SO49024,BK-R50B-48,26654,20120728,20120804,20120809,783,1,783
SO49025,BK-R50B-58,19319,20120729,20120805,20120810,783,1,783
SO49026,BK-R89R-52,16549,20120729,20120805,20120810,2443,1,2443
SO49027,BK-R50R-62,15501,20120729,20120805,20120810,783,1,783
SO49028,BK-M68B-42,13648,20120729,20120805,20120810,2049,1,2049
SO49029,BK-R64Y-40,25020,20120729,20120805,20120810,1000,1,1000
SO49030,BK-R89B-48,23119,20120729,20120805,20120810,2182,1,2182
SO49031,BK-M68B-46,29389,20120730,20120806,20120811,2049,1,2049
SO49032,BK-R89R-44,15085,20120730,20120806,20120811,2443,1,2443
SO49033,BK-R89B-48,13747,20120730,20120806,20120811,2182,1,2182
SO49034,BK-R89R-44,23321,20120730,20120806,20120811,2443,1,2443
SO49035,BK-R89B-48,23343,20120730,20120806,20120811,2182,1,2182
SO49036,BK-M68B-42,26731,20120730,20120806,20120811,2049,1,2049
SO49037,BK-M68S-46,20708,20120730,20120806,20120811,2071,1,2071
SO49038,BK-M68B-42,21138,20120730,20120806,20120811,2049,1,2049
SO49171,BK-R89B-48,13865,20120731,20120807,20120812,2182,1,2182
SO49172,BK-R89R-44,13885,20120731,20120807,20120812,2443,1,2443
SO49173,BK-M68S-38,14047,20120731,20120807,20120812,2071,1,2071
SO49174,BK-M68S-42,14049,20120731,20120807,20120812,2071,1,2071
SO49175,BK-R89R-52,23431,20120731,20120807,20120812,2443,1,2443
SO49176,BK-M68S-46,27054,20120731,20120807,20120812,2071,1,2071
SO49177,BK-M68S-42,27064,20120731,20120807,20120812,2071,1,2071
SO49178,BK-R64Y-44,14342,20120731,20120807,20120812,1000,1,1000
SO49179,BK-R64Y-38,14365,20120731,20120807,20120812,1000,1,1000
SO49180,BK-R50B-58,26744,20120731,20120807,20120812,783,1,783
SO49181,BK-R89B-48,17890,20120801,20120808,20120813,2182,1,2182
SO49182,BK-R89R-48,16830,20120801,20120808,20120813,2443,1,2443
SO49183,BK-R89R-52,16944,20120801,20120808,20120813,2443,1,2443
SO49184,BK-M68B-46,14129,20120801,20120808,20120813,2049,1,2049
SO49185,BK-M68B-46,14134,20120801,20120808,20120813,2049,1,2049
SO49186,BK-R89R-52,23526,20120801,20120808,20120813,2443,1,2443
SO49187,BK-R89B-58,23545,20120801,20120808,20120813,2182,1,2182
SO49188,BK-M68B-38,26815,20120801,20120808,20120813,2049,1,2049
SO49189,BK-R50B-48,15525,20120801,20120808,20120813,783,1,783
SO49190,BK-R64Y-40,25033,20120801,20120808,20120813,1000,1,1000
SO49191,BK-R64Y-44,19435,20120802,20120809,20120814,1000,1,1000
SO49192,BK-R64Y-44,19040,20120802,20120809,20120814,1000,1,1000
SO49193,BK-M68B-42,29390,20120802,20120809,20120814,2049,1,2049
SO49194,BK-R50B-60,20922,20120802,20120809,20120814,783,1,783
SO49195,BK-R50R-58,20845,20120802,20120809,20120814,783,1,783
SO49196,BK-M68S-42,12386,20120802,20120809,20120814,2071,1,2071
SO49197,BK-M68B-42,29415,20120802,20120809,20120814,2049,1,2049
SO49198,BK-R50B-52,26662,20120802,20120809,20120814,783,1,783
SO49199,BK-R50B-62,26667,20120802,20120809,20120814,783,1,783
SO49200,BK-R89R-44,17889,20120803,20120810,20120815,2443,1,2443
SO49201,BK-R89R-52,17795,20120803,20120810,20120815,2443,1,2443
SO49202,BK-R89B-48,17829,20120803,20120810,20120815,2182,1,2182
SO49203,BK-R50R-52,19343,20120803,20120810,20120815,783,1,783
SO49204,BK-M68S-38,14103,20120803,20120810,20120815,2071,1,2071
SO49205,BK-M68B-38,14130,20120803,20120810,20120815,2049,1,2049
SO49206,BK-R89B-48,23423,20120803,20120810,20120815,2182,1,2182
SO49207,BK-R89R-48,23432,20120803,20120810,20120815,2443,1,2443
SO49208,BK-R89B-48,23531,20120803,20120810,20120815,2182,1,2182
SO49209,BK-R89R-58,23541,20120803,20120810,20120815,2182,1,2182
SO49210,BK-M68S-46,21331,20120803,20120810,20120815,2071,1,2071
SO49211,BK-M68S-42,27020,20120803,20120810,20120815,2071,1,2071
SO49212,BK-R64Y-44,14337,20120803,20120810,20120815,1000,1,1000
SO49213,BK-R64Y-44,25034,20120803,20120810,20120815,1000,1,1000
SO49214,BK-R89B-58,23575,20120803,20120810,20120815,2182,1,2182
SO49215,BK-R50R-62,15521,20120803,20120810,20120815,783,1,783
SO49216,BK-R50R-44,26749,20120803,20120810,20120815,783,1,783
SO49217,BK-R89B-52,15637,20120804,20120811,20120816,2182,1,2182
SO49218,BK-R89B-58,26113,20120804,20120811,20120816,2182,1,2182
SO49219,BK-M68B-46,12619,20120804,20120811,20120816,2049,1,2049
SO49220,BK-M68S-38,14032,20120804,20120811,20120816,2071,1,2071
SO49221,BK-R89B-58,23532,20120804,20120811,20120816,2182,1,2182
SO49222,BK-M68S-38,27078,20120804,20120811,20120816,2071,1,2071
SO49223,BK-M68B-42,27017,20120804,20120811,20120816,2049,1,2049
SO49224,BK-M68B-38,27073,20120804,20120811,20120816,2049,1,2049
SO49225,BK-R89B-48,17191,20120805,20120812,20120817,2182,1,2182
SO49226,BK-R89R-52,17792,20120805,20120812,20120817,2443,1,2443
SO49227,BK-R89R-48,13873,20120805,20120812,20120817,2443,1,2443
SO49228,BK-M68B-42,29404,20120805,20120812,20120817,2049,1,2049
SO49229,BK-M68S-46,12390,20120805,20120812,20120817,2071,1,2071
SO49230,BK-M68B-38,21266,20120805,20120812,20120817,2049,1,2049
SO49231,BK-M68B-46,27058,20120805,20120812,20120817,2049,1,2049
SO49232,BK-R50R-58,15529,20120805,20120812,20120817,783,1,783
SO49233,BK-R50R-62,15531,20120805,20120812,20120817,783,1,783
SO49234,BK-R50R-48,15534,20120805,20120812,20120817,783,1,783
SO49235,BK-R50R-58,15537,20120805,20120812,20120817,783,1,783
SO49236,BK-R64Y-48,25021,20120805,20120812,20120817,1000,1,1000
SO49237,BK-R64Y-42,25035,20120805,20120812,20120817,1000,1,1000
SO49238,BK-R89B-58,23593,20120805,20120812,20120817,2182,1,2182
SO49239,BK-M68S-42,14011,20120806,20120813,20120818,2071,1,2071
SO49240,BK-M68S-38,14058,20120806,20120813,20120818,2071,1,2071
SO49241,BK-M68S-42,14065,20120806,20120813,20120818,2071,1,2071
SO49242,BK-R89R-44,23524,20120806,20120813,20120818,2443,1,2443
SO49243,BK-M68B-38,27074,20120806,20120813,20120818,2049,1,2049
SO49244,BK-M68B-46,21284,20120806,20120813,20120818,2049,1,2049
SO49245,BK-R64Y-48,25029,20120806,20120813,20120818,1000,1,1000
SO49246,BK-R89B-44,23640,20120806,20120813,20120818,2182,1,2182
SO49247,BK-R89R-48,17793,20120807,20120814,20120819,2443,1,2443
SO49248,BK-R64Y-44,17766,20120807,20120814,20120819,1000,1,1000
SO49249,BK-R64Y-42,17767,20120807,20120814,20120819,1000,1,1000
SO49250,BK-R50B-52,19323,20120807,20120814,20120819,783,1,783
SO49251,BK-R89B-52,13871,20120807,20120814,20120819,2182,1,2182
SO49252,BK-M68S-38,12378,20120807,20120814,20120819,2071,1,2071
SO49253,BK-M68B-42,14211,20120807,20120814,20120819,2049,1,2049
SO49254,BK-M68B-38,14216,20120807,20120814,20120819,2049,1,2049
SO49255,BK-R50R-44,15523,20120807,20120814,20120819,783,1,783
SO49256,BK-M68S-42,13997,20120807,20120814,20120819,2071,1,2071
SO49257,BK-R50R-58,26746,20120807,20120814,20120819,783,1,783
SO49258,BK-R89R-44,17828,20120808,20120815,20120820,2443,1,2443
SO49259,BK-M68B-42,29397,20120808,20120815,20120820,2049,1,2049
SO49260,BK-M68B-46,12608,20120808,20120815,20120820,2049,1,2049
SO49261,BK-M68B-42,12609,20120808,20120815,20120820,2049,1,2049
SO49262,BK-R50B-58,19335,20120808,20120815,20120820,783,1,783
SO49263,BK-R50B-52,20843,20120808,20120815,20120820,783,1,783
SO49264,BK-M68S-46,14046,20120808,20120815,20120820,2071,1,2071
SO49265,BK-M68S-46,14050,20120808,20120815,20120820,2071,1,2071
SO49266,BK-M68B-46,14051,20120808,20120815,20120820,2049,1,2049
SO49267,BK-M68S-46,14131,20120808,20120815,20120820,2071,1,2071
SO49268,BK-M68S-46,27056,20120808,20120815,20120820,2071,1,2071
SO49269,BK-R89B-44,13884,20120809,20120816,20120821,2182,1,2182
SO49270,BK-M68S-38,29412,20120809,20120816,20120821,2071,1,2071
SO49271,BK-M68S-42,12630,20120809,20120816,20120821,2071,1,2071
SO49272,BK-M68B-46,14055,20120809,20120816,20120821,2049,1,2049
SO49273,BK-M68S-38,21272,20120809,20120816,20120821,2071,1,2071
SO49274,BK-M68B-46,21311,20120809,20120816,20120821,2049,1,2049
SO49275,BK-R89R-44,23645,20120809,20120816,20120821,2443,1,2443
SO49276,BK-R89B-58,17849,20120810,20120817,20120822,2182,1,2182
SO49277,BK-M68S-38,12615,20120810,20120817,20120822,2071,1,2071
SO49278,BK-M68B-38,14038,20120810,20120817,20120822,2049,1,2049
SO49279,BK-M68B-46,14045,20120810,20120817,20120822,2049,1,2049
SO49280,BK-R89R-44,17815,20120811,20120818,20120823,2443,1,2443
SO49281,BK-R50B-52,19324,20120811,20120818,20120823,783,1,783
SO49282,BK-M68B-46,14133,20120811,20120818,20120823,2049,1,2049
SO49283,BK-M68S-38,14220,20120811,20120818,20120823,2071,1,2071
SO49284,BK-R89B-48,23436,20120811,20120818,20120823,2182,1,2182
SO49285,BK-M68S-46,27077,20120811,20120818,20120823,2071,1,2071
SO49286,BK-M68S-38,27050,20120811,20120818,20120823,2071,1,2071
SO49287,BK-M68S-46,14007,20120811,20120818,20120823,2071,1,2071
SO49288,BK-M68S-42,13994,20120811,20120818,20120823,2071,1,2071
SO49289,BK-R50R-52,26748,20120811,20120818,20120823,783,1,783
SO49290,BK-R89R-48,16940,20120812,20120819,20120824,2443,1,2443
SO49291,BK-R64Y-44,19433,20120812,20120819,20120824,1000,1,1000
SO49292,BK-R64Y-48,19038,20120812,20120819,20120824,1000,1,1000
SO49293,BK-M68B-38,12297,20120812,20120819,20120824,2049,1,2049
SO49294,BK-R89R-44,13882,20120812,20120819,20120824,2443,1,2443
SO49295,BK-M68B-46,12388,20120812,20120819,20120824,2049,1,2049
SO49296,BK-M68S-46,14010,20120812,20120819,20120824,2071,1,2071
SO49297,BK-M68B-38,14127,20120812,20120819,20120824,2049,1,2049
SO49298,BK-M68S-46,14210,20120812,20120819,20120824,2071,1,2071
SO49299,BK-R89B-52,23533,20120812,20120819,20120824,2182,1,2182
SO49300,BK-R64Y-40,14362,20120812,20120819,20120824,1000,1,1000
SO49301,BK-R89B-52,15665,20120813,20120820,20120825,2182,1,2182
SO49302,BK-R89R-58,15651,20120813,20120820,20120825,2182,1,2182
SO49303,BK-R89B-52,17103,20120813,20120820,20120825,2182,1,2182
SO49304,BK-R64Y-38,19437,20120813,20120820,20120825,1000,1,1000
SO49305,BK-R89R-58,13866,20120813,20120820,20120825,2182,1,2182
SO49306,BK-R89B-44,13886,20120813,20120820,20120825,2182,1,2182
SO49307,BK-M68B-38,14071,20120813,20120820,20120825,2049,1,2049
SO49308,BK-M68S-38,14128,20120813,20120820,20120825,2071,1,2071
SO49309,BK-R64Y-38,14364,20120813,20120820,20120825,1000,1,1000
SO49310,BK-R50B-62,15527,20120813,20120820,20120825,783,1,783
SO49311,BK-R50B-60,26743,20120813,20120820,20120825,783,1,783
SO49312,BK-R89R-48,17086,20120814,20120821,20120826,2443,1,2443
SO49313,BK-M68B-38,14039,20120814,20120821,20120826,2049,1,2049
SO49314,BK-M68B-46,14214,20120814,20120821,20120826,2049,1,2049
SO49315,BK-M68B-46,14215,20120814,20120821,20120826,2049,1,2049
SO49316,BK-R89B-58,23433,20120814,20120821,20120826,2182,1,2182
SO49317,BK-R64Y-38,14355,20120814,20120821,20120826,1000,1,1000
SO49318,BK-R50B-58,27267,20120814,20120821,20120826,783,1,783
SO49319,BK-R64Y-44,25022,20120814,20120821,20120826,1000,1,1000
SO49320,BK-R89B-44,23649,20120814,20120821,20120826,2182,1,2182
SO49321,BK-M68S-46,27063,20120814,20120821,20120826,2071,1,2071
SO49322,BK-R50R-48,26747,20120814,20120821,20120826,783,1,783
SO49323,BK-M68B-46,12612,20120815,20120822,20120827,2049,1,2049
SO49324,BK-M68S-38,12461,20120815,20120822,20120827,2071,1,2071
SO49325,BK-M68S-46,14219,20120815,20120822,20120827,2071,1,2071
SO49326,BK-M68B-42,21305,20120815,20120822,20120827,2049,1,2049
SO49327,BK-R89R-48,17790,20120816,20120823,20120828,2443,1,2443
SO49328,BK-R89B-44,17812,20120816,20120823,20120828,2182,1,2182
SO49329,BK-R64Y-44,17754,20120816,20120823,20120828,1000,1,1000
SO49330,BK-M68S-42,12314,20120816,20120823,20120828,2071,1,2071
SO49331,BK-M68B-38,12384,20120816,20120823,20120828,2049,1,2049
SO49332,BK-M68S-38,14063,20120816,20120823,20120828,2071,1,2071
SO49333,BK-M68S-42,14102,20120816,20120823,20120828,2071,1,2071
SO49334,BK-M68B-42,14132,20120816,20120823,20120828,2049,1,2049
SO49335,BK-R89B-48,23429,20120816,20120823,20120828,2182,1,2182
SO49336,BK-R89B-52,23523,20120816,20120823,20120828,2182,1,2182
SO49337,BK-M68B-46,27068,20120816,20120823,20120828,2049,1,2049
SO49338,BK-R89R-48,23571,20120816,20120823,20120828,2443,1,2443
SO49339,BK-R89R-44,17183,20120817,20120824,20120829,2443,1,2443
SO49340,BK-R89B-48,15624,20120817,20120824,20120829,2182,1,2182
SO49341,BK-R64Y-38,17756,20120817,20120824,20120829,1000,1,1000
SO49342,BK-M68S-46,12599,20120817,20120824,20120829,2071,1,2071
SO49343,BK-M68S-46,14033,20120817,20120824,20120829,2071,1,2071
SO49344,BK-M68S-38,14048,20120817,20120824,20120829,2071,1,2071
SO49345,BK-M68B-46,14070,20120817,20120824,20120829,2049,1,2049
SO49346,BK-M68B-46,14218,20120817,20120824,20120829,2049,1,2049
SO49347,BK-R89R-48,23539,20120817,20120824,20120829,2443,1,2443
SO49348,BK-R89R-48,23547,20120817,20120824,20120829,2443,1,2443
SO49349,BK-M68B-42,27045,20120817,20120824,20120829,2049,1,2049
SO49350,BK-R50R-52,15547,20120817,20120824,20120829,783,1,783
SO49351,BK-R50R-48,26673,20120817,20120824,20120829,783,1,783
SO49352,BK-R89B-48,17082,20120818,20120825,20120830,2182,1,2182
SO49353,BK-R50R-62,20931,20120818,20120825,20120830,783,1,783
SO49354,BK-R89B-44,13883,20120818,20120825,20120830,2182,1,2182
SO49355,BK-M68B-46,14031,20120818,20120825,20120830,2049,1,2049
SO49356,BK-R89R-48,23540,20120818,20120825,20120830,2443,1,2443
SO49357,BK-R89B-52,23542,20120818,20120825,20120830,2182,1,2182
SO49358,BK-M68S-46,27076,20120818,20120825,20120830,2071,1,2071
SO49359,BK-R64Y-42,14343,20120818,20120825,20120830,1000,1,1000
SO49360,BK-M68B-38,27069,20120818,20120825,20120830,2049,1,2049
SO49361,BK-R89B-44,15663,20120818,20120825,20120830,2182,1,2182
SO49362,BK-M68B-38,12622,20120819,20120826,20120831,2049,1,2049
SO49363,BK-M68B-42,14062,20120819,20120826,20120831,2049,1,2049
SO49364,BK-R89B-58,23434,20120819,20120826,20120831,2182,1,2182
SO49365,BK-R89R-44,23529,20120819,20120826,20120831,2443,1,2443
SO49366,BK-R89B-52,23546,20120819,20120826,20120831,2182,1,2182
SO49367,BK-M68B-46,27047,20120819,20120826,20120831,2049,1,2049
SO49368,BK-R50R-62,15528,20120819,20120826,20120831,783,1,783
SO49369,BK-R50B-52,15552,20120819,20120826,20120831,783,1,783
SO49370,BK-R89B-58,23574,20120819,20120826,20120831,2182,1,2182
SO49371,BK-R50R-48,26663,20120819,20120826,20120831,783,1,783
SO49372,BK-R89R-48,15666,20120820,20120827,20120901,2443,1,2443
SO49373,BK-R64Y-40,17752,20120820,20120827,20120901,1000,1,1000
SO49374,BK-R50B-58,20933,20120820,20120827,20120901,783,1,783
SO49375,BK-M68S-42,12330,20120820,20120827,20120901,2071,1,2071
SO49376,BK-M68S-42,14125,20120820,20120827,20120901,2071,1,2071
SO49377,BK-R89R-58,23435,20120820,20120827,20120901,2182,1,2182
SO49378,BK-M68B-42,27051,20120820,20120827,20120901,2049,1,2049
SO49379,BK-M68B-42,27067,20120820,20120827,20120901,2049,1,2049
SO49380,BK-R50B-62,15542,20120820,20120827,20120901,783,1,783
SO49381,BK-R50B-58,15553,20120820,20120827,20120901,783,1,783
SO49382,BK-R64Y-40,25030,20120820,20120827,20120901,1000,1,1000
SO49383,BK-R64Y-40,25032,20120820,20120827,20120901,1000,1,1000
SO49384,BK-M68S-42,29414,20120820,20120827,20120901,2071,1,2071
SO49385,BK-R89B-48,17803,20120821,20120828,20120902,2182,1,2182
SO49386,BK-R89B-44,17093,20120821,20120828,20120902,2182,1,2182
SO49387,BK-R89R-48,17114,20120821,20120828,20120902,2443,1,2443
SO49388,BK-M68S-46,12298,20120821,20120828,20120902,2071,1,2071
SO49389,BK-R50B-60,20975,20120821,20120828,20120902,783,1,783
SO49390,BK-R50B-60,19326,20120821,20120828,20120902,783,1,783
SO49391,BK-R89B-58,13877,20120821,20120828,20120902,2182,1,2182
SO49392,BK-M68B-46,14066,20120821,20120828,20120902,2049,1,2049
SO49393,BK-R89B-48,23422,20120821,20120828,20120902,2182,1,2182
SO49394,BK-R89B-58,23525,20120821,20120828,20120902,2182,1,2182
SO49395,BK-R89R-48,23572,20120821,20120828,20120902,2443,1,2443
SO49396,BK-R89R-52,23538,20120822,20120829,20120903,2443,1,2443
SO49397,BK-R50R-58,15551,20120822,20120829,20120903,783,1,783
SO49398,BK-R50R-52,26745,20120822,20120829,20120903,783,1,783
SO49399,BK-R50B-44,15540,20120823,20120830,20120904,783,1,783
SO49400,BK-R89B-44,17794,20120823,20120830,20120904,2182,1,2182
SO49401,BK-R89R-48,17813,20120823,20120830,20120904,2443,1,2443
SO49402,BK-M68S-38,12302,20120823,20120830,20120904,2071,1,2071
SO49403,BK-M68B-46,12397,20120823,20120830,20120904,2049,1,2049
SO49404,BK-R89B-52,23425,20120823,20120830,20120904,2182,1,2182
SO49405,BK-M68B-42,21332,20120823,20120830,20120904,2049,1,2049
SO49406,BK-M68S-42,27021,20120823,20120830,20120904,2071,1,2071
SO49407,BK-R64Y-48,14356,20120823,20120830,20120904,1000,1,1000
SO49408,BK-R50R-60,15535,20120823,20120830,20120904,783,1,783
SO49409,BK-M68B-38,13975,20120823,20120830,20120904,2049,1,2049
SO49410,BK-R89R-48,17184,20120824,20120831,20120905,2443,1,2443
SO49411,BK-R89R-44,15676,20120824,20120831,20120905,2443,1,2443
SO49412,BK-R89B-44,16826,20120824,20120831,20120905,2182,1,2182
SO49413,BK-R89R-48,17798,20120824,20120831,20120905,2443,1,2443
SO49414,BK-R89R-44,17096,20120824,20120831,20120905,2443,1,2443
SO49415,BK-R89R-52,17107,20120824,20120831,20120905,2443,1,2443
SO49416,BK-R50B-48,20917,20120824,20120831,20120905,783,1,783
SO49417,BK-M68B-46,12623,20120824,20120831,20120905,2049,1,2049
SO49418,BK-M68S-38,14030,20120824,20120831,20120905,2071,1,2071
SO49419,BK-R89R-44,23534,20120824,20120831,20120905,2443,1,2443
SO49420,BK-R64Y-48,14354,20120824,20120831,20120905,1000,1,1000
SO49421,BK-R89B-58,23573,20120824,20120831,20120905,2182,1,2182
SO49422,BK-R89R-52,23648,20120824,20120831,20120905,2443,1,2443
SO49423,BK-R50R-52,26666,20120824,20120831,20120905,783,1,783
SO49424,BK-R50B-52,26740,20120824,20120831,20120905,783,1,783
SO49425,BK-R89R-48,15623,20120825,20120901,20120906,2443,1,2443
SO49426,BK-R50R-60,20921,20120825,20120901,20120906,783,1,783
SO49427,BK-R50B-44,19338,20120825,20120901,20120906,783,1,783
SO49428,BK-R89R-44,13870,20120825,20120901,20120906,2443,1,2443
SO49429,BK-M68B-42,14012,20120825,20120901,20120906,2049,1,2049
SO49430,BK-R50R-44,15538,20120825,20120901,20120906,783,1,783
SO49431,BK-R50B-58,15548,20120825,20120901,20120906,783,1,783
SO49432,BK-R89B-44,17841,20120826,20120902,20120907,2182,1,2182
SO49433,BK-R89B-44,23544,20120826,20120902,20120907,2182,1,2182
SO49434,BK-R64Y-38,14357,20120826,20120902,20120907,1000,1,1000
SO49435,BK-R89B-52,17181,20120827,20120903,20120908,2182,1,2182
SO49436,BK-R50R-60,20847,20120827,20120903,20120908,783,1,783
SO49437,BK-R50R-52,19336,20120827,20120903,20120908,783,1,783
SO49438,BK-M68S-46,14020,20120827,20120903,20120908,2071,1,2071
SO49439,BK-M68S-46,14064,20120827,20120903,20120908,2071,1,2071
SO49440,BK-M68B-42,14101,20120827,20120903,20120908,2049,1,2049
SO49441,BK-M68B-38,27044,20120827,20120903,20120908,2049,1,2049
SO49442,BK-R50B-60,15532,20120827,20120903,20120908,783,1,783
SO49549,BK-R64Y-38,19440,20120828,20120904,20120909,1000,1,1000
SO49550,BK-R50R-48,19380,20120828,20120904,20120909,783,1,783
SO49551,BK-R50B-58,21040,20120828,20120904,20120909,783,1,783
SO49552,BK-M68B-38,12647,20120828,20120904,20120909,2049,1,2049
SO49553,BK-M68S-42,14302,20120828,20120904,20120909,2071,1,2071
SO49554,BK-R50B-62,15739,20120828,20120904,20120909,783,1,783
SO49555,BK-R64Y-44,25036,20120828,20120904,20120909,1000,1,1000
SO49556,BK-R50B-44,26752,20120828,20120904,20120909,783,1,783
SO49557,BK-R50B-60,26753,20120828,20120904,20120909,783,1,783
SO49558,BK-R50B-58,19366,20120829,20120905,20120910,783,1,783
SO49559,BK-R89R-48,26115,20120829,20120905,20120910,2443,1,2443
SO49560,BK-R89B-48,13892,20120829,20120905,20120910,2182,1,2182
SO49561,BK-M68B-38,14681,20120829,20120905,20120910,2049,1,2049
SO49562,BK-M68S-42,14234,20120829,20120905,20120910,2071,1,2071
SO49563,BK-M68S-42,27087,20120829,20120905,20120910,2071,1,2071
SO49564,BK-R64Y-44,26533,20120829,20120905,20120910,1000,1,1000
SO49565,BK-M68S-46,21501,20120829,20120905,20120910,2071,1,2071
SO49566,BK-R50B-58,15565,20120829,20120905,20120910,783,1,783
SO49567,BK-M68S-46,12634,20120829,20120905,20120910,2071,1,2071
SO49568,BK-R89B-48,24003,20120829,20120905,20120910,2182,1,2182
SO49569,BK-R89R-58,16262,20120830,20120906,20120911,2182,1,2182
SO49570,BK-M68B-38,14316,20120830,20120906,20120911,2049,1,2049
SO49571,BK-M68B-38,14345,20120830,20120906,20120911,2049,1,2049
SO49572,BK-M68S-38,27107,20120830,20120906,20120911,2071,1,2071
SO49573,BK-R89R-58,24009,20120830,20120906,20120911,2182,1,2182
SO49574,BK-R50R-58,26764,20120830,20120906,20120911,783,1,783
SO49575,BK-R89R-52,15923,20120831,20120907,20120912,2443,1,2443
SO49576,BK-R89B-58,17761,20120831,20120907,20120912,2182,1,2182
SO49577,BK-R89B-52,17762,20120831,20120907,20120912,2182,1,2182
SO49578,BK-R64Y-48,19057,20120831,20120907,20120912,1000,1,1000
SO49579,BK-M68B-38,14322,20120831,20120907,20120912,2049,1,2049
SO49580,BK-M68B-38,14225,20120831,20120907,20120912,2049,1,2049
SO49581,BK-R89R-48,17937,20120901,20120908,20120913,2443,1,2443
SO49582,BK-R89B-52,17220,20120901,20120908,20120913,2182,1,2182
SO49583,BK-R89B-52,16203,20120901,20120908,20120913,2182,1,2182
SO49584,BK-R89R-44,13894,20120901,20120908,20120913,2443,1,2443
SO49585,BK-M68B-46,12644,20120901,20120908,20120913,2049,1,2049
SO49586,BK-M68S-38,12500,20120901,20120908,20120913,2071,1,2071
SO49587,BK-M68S-46,14301,20120901,20120908,20120913,2071,1,2071
SO49588,BK-M68S-42,14226,20120901,20120908,20120913,2071,1,2071
SO49589,BK-M68B-46,14263,20120901,20120908,20120913,2049,1,2049
SO49590,BK-M68B-42,21348,20120901,20120908,20120913,2049,1,2049
SO49591,BK-M68S-38,27092,20120901,20120908,20120913,2071,1,2071
SO49592,BK-R50R-44,15558,20120901,20120908,20120913,783,1,783
SO49593,BK-R50R-44,15561,20120901,20120908,20120913,783,1,783
SO49594,BK-R89B-58,24005,20120901,20120908,20120913,2182,1,2182
SO49595,BK-R64Y-40,25107,20120901,20120908,20120913,1000,1,1000
SO49596,BK-R89B-58,23653,20120901,20120908,20120913,2182,1,2182
SO49597,BK-R89R-44,24001,20120901,20120908,20120913,2443,1,2443
SO49598,BK-R89B-48,15710,20120902,20120909,20120914,2182,1,2182
SO49599,BK-R89R-44,15921,20120902,20120909,20120914,2443,1,2443
SO49600,BK-R64Y-38,14381,20120902,20120909,20120914,1000,1,1000
SO49601,BK-R64Y-48,14382,20120902,20120909,20120914,1000,1,1000
SO49602,BK-R50R-52,15737,20120902,20120909,20120914,783,1,783
SO49603,BK-R89R-44,23655,20120902,20120909,20120914,2443,1,2443
SO49604,BK-R89R-52,17221,20120903,20120910,20120915,2443,1,2443
SO49605,BK-R64Y-38,19065,20120903,20120910,20120915,1000,1,1000
SO49606,BK-R50B-62,21034,20120903,20120910,20120915,783,1,783
SO49607,BK-M68S-38,12475,20120903,20120910,20120915,2071,1,2071
SO49608,BK-M68S-46,14262,20120903,20120910,20120915,2071,1,2071
SO49609,BK-R64Y-44,14367,20120903,20120910,20120915,1000,1,1000
SO49610,BK-M68B-38,27105,20120903,20120910,20120915,2049,1,2049
SO49611,BK-R50B-52,15554,20120903,20120910,20120915,783,1,783
SO49612,BK-R50B-44,21039,20120903,20120910,20120915,783,1,783
SO49613,BK-R89B-48,16052,20120904,20120911,20120916,2182,1,2182
SO49614,BK-R50B-52,20982,20120904,20120911,20120916,783,1,783
SO49615,BK-R50R-44,21020,20120904,20120911,20120916,783,1,783
SO49616,BK-M68S-38,12479,20120904,20120911,20120916,2071,1,2071
SO49617,BK-M68B-38,29479,20120904,20120911,20120916,2049,1,2049
SO49618,BK-M68S-38,14306,20120904,20120911,20120916,2071,1,2071
SO49619,BK-M68B-46,14324,20120904,20120911,20120916,2049,1,2049
SO49620,BK-M68S-46,14326,20120904,20120911,20120916,2071,1,2071
SO49621,BK-M68S-38,14348,20120904,20120911,20120916,2071,1,2071
SO49622,BK-M68S-38,14668,20120904,20120911,20120916,2071,1,2071
SO49623,BK-M68S-46,27088,20120904,20120911,20120916,2071,1,2071
SO49624,BK-R64Y-38,25051,20120904,20120911,20120916,1000,1,1000
SO49625,BK-R64Y-38,25053,20120904,20120911,20120916,1000,1,1000
SO49626,BK-R89B-52,23998,20120904,20120911,20120916,2182,1,2182
SO49627,BK-M68B-38,14230,20120905,20120912,20120917,2049,1,2049
SO49628,BK-M68B-46,27104,20120905,20120912,20120917,2049,1,2049
SO49629,BK-R50R-62,15557,20120905,20120912,20120917,783,1,783
SO49630,BK-R89B-48,23651,20120905,20120912,20120917,2182,1,2182
SO49631,BK-M68S-42,14260,20120905,20120912,20120917,2071,1,2071
SO49632,BK-R50B-60,20860,20120906,20120913,20120918,783,1,783
SO49633,BK-R89B-44,26202,20120906,20120913,20120918,2182,1,2182
SO49634,BK-M68B-42,14279,20120906,20120913,20120918,2049,1,2049
SO49635,BK-M68S-46,27097,20120906,20120913,20120918,2071,1,2071
SO49636,BK-R89R-48,23665,20120906,20120913,20120918,2443,1,2443
SO49637,BK-R89B-52,17943,20120907,20120914,20120919,2182,1,2182
SO49638,BK-R64Y-42,19067,20120907,20120914,20120919,1000,1,1000
SO49639,BK-R50R-48,19386,20120907,20120914,20120919,783,1,783
SO49640,BK-M68B-46,12462,20120907,20120914,20120919,2049,1,2049
SO49641,BK-M68B-38,14276,20120907,20120914,20120919,2049,1,2049
SO49642,BK-M68S-46,14299,20120907,20120914,20120919,2071,1,2071
SO49643,BK-R89B-48,24006,20120907,20120914,20120919,2182,1,2182
SO49644,BK-R50R-44,26768,20120907,20120914,20120919,783,1,783
SO49645,BK-R89R-52,15678,20120908,20120915,20120920,2443,1,2443
SO49646,BK-R89B-58,15688,20120908,20120915,20120920,2182,1,2182
SO49647,BK-R89R-44,17742,20120908,20120915,20120920,2443,1,2443
SO49648,BK-R64Y-40,19455,20120908,20120915,20120920,1000,1,1000
SO49649,BK-R50R-44,21027,20120908,20120915,20120920,783,1,783
SO49650,BK-M68B-42,12637,20120908,20120915,20120920,2049,1,2049
SO49651,BK-M68S-38,14670,20120908,20120915,20120920,2071,1,2071
SO49652,BK-M68B-46,14855,20120908,20120915,20120920,2049,1,2049
SO49653,BK-M68S-38,15014,20120908,20120915,20120920,2071,1,2071
SO49654,BK-M68B-38,14224,20120908,20120915,20120920,2049,1,2049
SO49655,BK-M68S-46,27079,20120908,20120915,20120920,2071,1,2071
SO49656,BK-M68B-46,27083,20120908,20120915,20120920,2049,1,2049
SO49657,BK-R50B-48,15750,20120908,20120915,20120920,783,1,783
SO49658,BK-R50B-62,15763,20120908,20120915,20120920,783,1,783
SO49659,BK-M68S-38,21354,20120908,20120915,20120920,2071,1,2071
SO49660,BK-R89R-58,23660,20120908,20120915,20120920,2182,1,2182
SO49661,BK-R89R-52,23995,20120908,20120915,20120920,2443,1,2443
SO49662,BK-R50R-52,26763,20120908,20120915,20120920,783,1,783
SO49663,BK-R50B-44,26767,20120908,20120915,20120920,783,1,783
SO49664,BK-R89R-44,17896,20120909,20120916,20120921,2443,1,2443
SO49665,BK-M68B-42,29483,20120909,20120916,20120921,2049,1,2049
SO49666,BK-M68B-46,14287,20120909,20120916,20120921,2049,1,2049
SO49667,BK-M68S-42,14673,20120909,20120916,20120921,2071,1,2071
SO49668,BK-M68B-46,14261,20120909,20120916,20120921,2049,1,2049
SO49669,BK-M68S-38,27080,20120909,20120916,20120921,2071,1,2071
SO49670,BK-R89B-52,23996,20120909,20120916,20120921,2182,1,2182
SO49671,BK-R89B-44,17199,20120910,20120917,20120922,2182,1,2182
SO49672,BK-R89B-58,16259,20120910,20120917,20120922,2182,1,2182
SO49673,BK-R50R-62,21011,20120910,20120917,20120922,783,1,783
SO49674,BK-R89R-48,13887,20120910,20120917,20120922,2443,1,2443
SO49675,BK-M68B-42,11241,20120910,20120917,20120922,2049,1,2049
SO49676,BK-M68S-46,12658,20120910,20120917,20120922,2071,1,2071
SO49677,BK-M68B-38,14666,20120910,20120917,20120922,2049,1,2049
SO49678,BK-M68B-38,27081,20120910,20120917,20120922,2049,1,2049
SO49679,BK-R50R-48,26760,20120910,20120917,20120922,783,1,783
SO49680,BK-R89R-52,17969,20120911,20120918,20120923,2443,1,2443
SO49681,BK-R89B-58,13890,20120911,20120918,20120923,2182,1,2182
SO49682,BK-M68S-46,21352,20120911,20120918,20120923,2071,1,2071
SO49683,BK-M68S-46,27108,20120911,20120918,20120923,2071,1,2071
SO49684,BK-R89R-52,24000,20120911,20120918,20120923,2443,1,2443
SO49685,BK-R89B-44,17959,20120912,20120919,20120924,2182,1,2182
SO49686,BK-R89B-52,16051,20120912,20120919,20120924,2182,1,2182
SO49687,BK-R89R-58,16205,20120912,20120919,20120924,2182,1,2182
SO49688,BK-M68B-46,12653,20120912,20120919,20120924,2049,1,2049
SO49689,BK-R64Y-38,14377,20120912,20120919,20120924,1000,1,1000
SO49690,BK-R89B-48,24008,20120912,20120919,20120924,2182,1,2182
SO49691,BK-R89B-44,23662,20120912,20120919,20120924,2182,1,2182
SO49692,BK-R89B-48,17960,20120913,20120920,20120925,2182,1,2182
SO49693,BK-R89R-48,17741,20120913,20120920,20120925,2443,1,2443
SO49694,BK-R89R-44,17968,20120913,20120920,20120925,2443,1,2443
SO49695,BK-M68B-46,12499,20120913,20120920,20120925,2049,1,2049
SO49696,BK-M68S-46,14323,20120913,20120920,20120925,2071,1,2071
SO49697,BK-M68B-38,14238,20120913,20120920,20120925,2049,1,2049
SO49698,BK-M68S-42,21336,20120913,20120920,20120925,2071,1,2071
SO49699,BK-R64Y-38,25037,20120913,20120920,20120925,1000,1,1000
SO49700,BK-R89B-48,23664,20120913,20120920,20120925,2182,1,2182
SO49701,BK-R89R-44,17933,20120914,20120921,20120926,2443,1,2443
SO49702,BK-R89B-48,15687,20120914,20120921,20120926,2182,1,2182
SO49703,BK-R89B-44,15924,20120914,20120921,20120926,2182,1,2182
SO49704,BK-R89B-52,17962,20120914,20120921,20120926,2182,1,2182
SO49705,BK-R89R-52,15925,20120914,20120921,20120926,2443,1,2443
SO49706,BK-R64Y-40,17770,20120914,20120921,20120926,1000,1,1000
SO49707,BK-R89R-58,13889,20120914,20120921,20120926,2182,1,2182
SO49708,BK-M68S-38,12487,20120914,20120921,20120926,2071,1,2071
SO49709,BK-M68S-38,14300,20120914,20120921,20120926,2071,1,2071
SO49710,BK-M68B-46,14308,20120914,20120921,20120926,2049,1,2049
SO49711,BK-M68B-46,14676,20120914,20120921,20120926,2049,1,2049
SO49712,BK-M68B-42,27095,20120914,20120921,20120926,2049,1,2049
SO49713,BK-M68S-42,21400,20120914,20120921,20120926,2071,1,2071
SO49714,BK-R89B-48,23663,20120914,20120921,20120926,2182,1,2182
SO49715,BK-R50R-62,26761,20120914,20120921,20120926,783,1,783
SO49716,BK-R89B-52,17722,20120915,20120922,20120927,2182,1,2182
SO49717,BK-R89R-44,16204,20120915,20120922,20120927,2443,1,2443
SO49718,BK-R64Y-44,19196,20120915,20120922,20120927,1000,1,1000
SO49719,BK-R50R-44,20854,20120915,20120922,20120927,783,1,783
SO49720,BK-M68B-38,12640,20120915,20120922,20120927,2049,1,2049
SO49721,BK-M68S-46,12645,20120915,20120922,20120927,2071,1,2071
SO49722,BK-M68S-38,14264,20120915,20120922,20120927,2071,1,2071
SO49723,BK-R64Y-44,14366,20120915,20120922,20120927,1000,1,1000
SO49724,BK-M68S-46,27106,20120915,20120922,20120927,2071,1,2071
SO49725,BK-R89R-52,24007,20120915,20120922,20120927,2443,1,2443
SO49726,BK-R64Y-38,25057,20120915,20120922,20120927,1000,1,1000
SO49727,BK-R50R-62,26774,20120915,20120922,20120927,783,1,783
SO49728,BK-R89R-44,17635,20120916,20120923,20120928,2443,1,2443
SO49729,BK-R64Y-44,19046,20120916,20120923,20120928,1000,1,1000
SO49730,BK-R50B-44,21036,20120916,20120923,20120928,783,1,783
SO49731,BK-M68B-42,29450,20120916,20120923,20120928,2049,1,2049
SO49732,BK-M68S-46,14523,20120916,20120923,20120928,2071,1,2071
SO49733,BK-M68B-42,14259,20120916,20120923,20120928,2049,1,2049
SO49734,BK-M68B-46,27086,20120916,20120923,20120928,2049,1,2049
SO49735,BK-R50B-52,15569,20120916,20120923,20120928,783,1,783
SO49736,BK-R50R-52,15555,20120916,20120923,20120928,783,1,783
SO49737,BK-R64Y-42,25106,20120916,20120923,20120928,1000,1,1000
SO49738,BK-R50B-48,26751,20120916,20120923,20120928,783,1,783
SO49739,BK-R89B-52,13895,20120917,20120924,20120929,2182,1,2182
SO49740,BK-M68S-42,14310,20120917,20120924,20120929,2071,1,2071
SO49741,BK-R64Y-48,14378,20120917,20120924,20120929,1000,1,1000
SO49742,BK-R50R-52,27285,20120917,20120924,20120929,783,1,783
SO49743,BK-R89R-44,23993,20120917,20120924,20120929,2443,1,2443
SO49744,BK-R64Y-48,19188,20120918,20120925,20120930,1000,1,1000
SO49745,BK-R64Y-44,19448,20120918,20120925,20120930,1000,1,1000
SO49746,BK-M68B-38,29482,20120918,20120925,20120930,2049,1,2049
SO49747,BK-M68S-46,12495,20120918,20120925,20120930,2071,1,2071
SO49748,BK-R64Y-48,14380,20120918,20120925,20120930,1000,1,1000
SO49749,BK-R50R-44,26754,20120918,20120925,20120930,783,1,783
SO49750,BK-R50R-48,26757,20120918,20120925,20120930,783,1,783
SO49751,BK-R89R-44,17966,20120919,20120926,20121001,2443,1,2443
SO49752,BK-M68B-42,11242,20120919,20120926,20121001,2049,1,2049
SO49753,BK-M68B-38,14275,20120919,20120926,20121001,2049,1,2049
SO49754,BK-M68B-42,14303,20120919,20120926,20121001,2049,1,2049
SO49755,BK-M68B-46,14305,20120919,20120926,20121001,2049,1,2049
SO49756,BK-R89R-58,23658,20120919,20120926,20121001,2182,1,2182
SO49757,BK-R89B-58,17965,20120920,20120927,20121002,2182,1,2182
SO49758,BK-R50R-52,19381,20120920,20120927,20121002,783,1,783
SO49759,BK-R64Y-48,14379,20120920,20120927,20121002,1000,1,1000
SO49760,BK-M68B-38,21423,20120920,20120927,20121002,2049,1,2049
SO49761,BK-R50B-44,27270,20120920,20120927,20121002,783,1,783
SO49762,BK-R89R-44,17948,20120921,20120928,20121003,2443,1,2443
SO49763,BK-M68S-46,14277,20120921,20120928,20121003,2071,1,2071
SO49764,BK-M68S-46,14236,20120921,20120928,20121003,2071,1,2071
SO49765,BK-M68S-42,27094,20120921,20120928,20121003,2071,1,2071
SO49766,BK-R50R-48,19419,20120922,20120929,20121004,783,1,783
SO49767,BK-M68S-46,14347,20120922,20120929,20121004,2071,1,2071
SO49768,BK-M68B-42,27103,20120922,20120929,20121004,2049,1,2049
SO49769,BK-M68S-46,27091,20120922,20120929,20121004,2071,1,2071
SO49770,BK-R50B-52,27298,20120922,20120929,20121004,783,1,783
SO49771,BK-R50B-52,15570,20120922,20120929,20121004,783,1,783
SO49772,BK-R89B-58,23661,20120922,20120929,20121004,2182,1,2182
SO49773,BK-R50B-52,26750,20120922,20120929,20121004,783,1,783
SO49774,BK-M68B-38,12648,20120923,20120930,20121005,2049,1,2049
SO49775,BK-M68S-38,14235,20120923,20120930,20121005,2071,1,2071
SO49776,BK-R50R-52,27297,20120923,20120930,20121005,783,1,783
SO49777,BK-R50B-60,27404,20120923,20120930,20121005,783,1,783
SO49778,BK-R89R-48,17198,20120924,20121001,20121006,2443,1,2443
SO49779,BK-R89R-48,17209,20120924,20121001,20121006,2443,1,2443
SO49780,BK-R89B-44,17958,20120924,20121001,20121006,2182,1,2182
SO49781,BK-M68B-46,12484,20120924,20121001,20121006,2049,1,2049
SO49782,BK-R50R-62,21018,20120924,20121001,20121006,783,1,783
SO49783,BK-R50B-52,20861,20120924,20121001,20121006,783,1,783
SO49784,BK-M68B-46,14325,20120924,20121001,20121006,2049,1,2049
SO49785,BK-M68B-38,14667,20120924,20121001,20121006,2049,1,2049
SO49786,BK-M68B-46,27090,20120924,20121001,20121006,2049,1,2049
SO49787,BK-R89R-44,23656,20120924,20121001,20121006,2443,1,2443
SO49788,BK-R89R-44,23992,20120924,20121001,20121006,2443,1,2443
SO49789,BK-R89B-44,24002,20120924,20121001,20121006,2182,1,2182
SO49790,BK-R50R-48,26758,20120924,20121001,20121006,783,1,783
SO49791,BK-R89R-52,16261,20120925,20121002,20121007,2443,1,2443
SO49792,BK-R50B-52,21012,20120925,20121002,20121007,783,1,783
SO49793,BK-M68S-38,14671,20120925,20121002,20121007,2071,1,2071
SO49794,BK-M68S-38,21349,20120925,20121002,20121007,2071,1,2071
SO49795,BK-M68S-42,27093,20120925,20121002,20121007,2071,1,2071
SO49796,BK-R50B-62,15562,20120925,20121002,20121007,783,1,783
SO49797,BK-R50R-48,15568,20120925,20121002,20121007,783,1,783
SO49798,BK-R89B-48,24159,20120925,20121002,20121007,2182,1,2182
SO49799,BK-R89B-48,23994,20120925,20121002,20121007,2182,1,2182
SO49800,BK-R89B-48,24004,20120925,20121002,20121007,2182,1,2182
SO49801,BK-R89B-48,15920,20120926,20121003,20121008,2182,1,2182
SO49802,BK-R89R-52,17629,20120926,20121003,20121008,2443,1,2443
SO49803,BK-R89R-52,15931,20120926,20121003,20121008,2443,1,2443
SO49804,BK-R89B-52,26200,20120926,20121003,20121008,2182,1,2182
SO49805,BK-M68B-42,14286,20120926,20121003,20121008,2049,1,2049
SO49806,BK-M68B-46,14304,20120926,20121003,20121008,2049,1,2049
SO49807,BK-M68S-46,14346,20120926,20121003,20121008,2071,1,2071
SO49808,BK-M68S-42,14672,20120926,20121003,20121008,2071,1,2071
SO49809,BK-R89R-44,24160,20120926,20121003,20121008,2443,1,2443
SO49810,BK-R64Y-48,25052,20120926,20121003,20121008,1000,1,1000
SO49811,BK-R89B-48,17892,20120927,20121004,20121009,2182,1,2182
SO49812,BK-R89R-44,15677,20120927,20121004,20121009,2443,1,2443
SO49813,BK-R89B-58,15700,20120927,20121004,20121009,2182,1,2182
SO49814,BK-M68S-46,11336,20120927,20121004,20121009,2071,1,2071
SO49815,BK-M68B-46,27089,20120927,20121004,20121009,2049,1,2049
SO49816,BK-R64Y-44,14374,20120927,20121004,20121009,1000,1,1000
SO49817,BK-M68S-42,27096,20120927,20121004,20121009,2071,1,2071
SO49818,BK-R89B-52,23652,20120927,20121004,20121009,2182,1,2182
SO49819,BK-R89R-44,23659,20120927,20121004,20121009,2443,1,2443
SO49820,BK-R89R-58,23999,20120927,20121004,20121009,2182,1,2182
SO49895,BK-R89B-44,17789,20120928,20121005,20121010,2182,1,2182
SO49896,BK-R89B-48,16388,20120928,20121005,20121010,2182,1,2182
SO49897,BK-R89R-58,16392,20120928,20121005,20121010,2182,1,2182
SO49898,BK-R89R-52,17824,20120928,20121005,20121010,2443,1,2443
SO49899,BK-R89R-44,17873,20120928,20121005,20121010,2443,1,2443
SO49900,BK-R89B-58,16286,20120928,20121005,20121010,2182,1,2182
SO49901,BK-R50R-52,19427,20120928,20121005,20121010,783,1,783
SO49902,BK-M68S-38,12501,20120928,20121005,20121010,2071,1,2071
SO49903,BK-R50R-48,15851,20120928,20121005,20121010,783,1,783
SO49904,BK-R50B-48,15882,20120928,20121005,20121010,783,1,783
SO49905,BK-R64Y-42,25120,20120928,20121005,20121010,1000,1,1000
SO49906,BK-M68B-42,27193,20120929,20121006,20121011,2049,1,2049
SO49907,BK-M68B-42,21589,20120929,20121006,20121011,2049,1,2049
SO49908,BK-M68B-38,27199,20120929,20121006,20121011,2049,1,2049
SO49909,BK-R89R-44,17981,20120929,20121006,20121011,2443,1,2443
SO49910,BK-R89R-58,13903,20120929,20121006,20121011,2182,1,2182
SO49911,BK-M68B-38,12857,20120929,20121006,20121011,2049,1,2049
SO49912,BK-M68S-46,15185,20120929,20121006,20121011,2071,1,2071
SO49913,BK-M68B-38,15192,20120929,20121006,20121011,2049,1,2049
SO49914,BK-M68S-46,15207,20120929,20121006,20121011,2071,1,2071
SO49915,BK-M68S-42,15143,20120929,20121006,20121011,2071,1,2071
SO49916,BK-M68S-46,15145,20120929,20121006,20121011,2071,1,2071
SO49917,BK-R89B-58,24177,20120929,20121006,20121011,2182,1,2182
SO49918,BK-R64Y-42,25108,20120929,20121006,20121011,1000,1,1000
SO49919,BK-R89R-58,17796,20120930,20121007,20121012,2182,1,2182
SO49920,BK-R64Y-44,19477,20120930,20121007,20121012,1000,1,1000
SO49921,BK-R89B-58,13911,20120930,20121007,20121012,2182,1,2182
SO49922,BK-M68B-42,15171,20120930,20121007,20121012,2049,1,2049
SO49923,BK-R50R-44,27338,20120930,20121007,20121012,783,1,783
SO49924,BK-M68B-46,21595,20121001,20121008,20121013,2049,1,2049
SO49925,BK-R89B-52,16391,20121001,20121008,20121013,2182,1,2182
SO49926,BK-R89R-52,16400,20121001,20121008,20121013,2443,1,2443
SO49927,BK-R64Y-44,17775,20121001,20121008,20121013,1000,1,1000
SO49928,BK-R50R-58,19442,20121001,20121008,20121013,783,1,783
SO49929,BK-M68B-42,11346,20121001,20121008,20121013,2049,1,2049
SO49930,BK-M68B-42,12854,20121001,20121008,20121013,2049,1,2049
SO49931,BK-R50R-52,15860,20121001,20121008,20121013,783,1,783
SO49932,BK-R64Y-40,14418,20121001,20121008,20121013,1000,1,1000
SO49933,BK-M68S-38,15169,20121001,20121008,20121013,2071,1,2071
SO49934,BK-R89B-58,24266,20121001,20121008,20121013,2182,1,2182
SO49935,BK-R50R-58,26916,20121001,20121008,20121013,783,1,783
SO49936,BK-M68B-42,27201,20121002,20121009,20121014,2049,1,2049
SO49937,BK-M68B-38,27251,20121002,20121009,20121014,2049,1,2049
SO49938,BK-R64Y-42,19274,20121002,20121009,20121014,1000,1,1000
SO49939,BK-M68B-42,11379,20121002,20121009,20121014,2049,1,2049
SO49940,BK-M68S-42,12859,20121002,20121009,20121014,2071,1,2071
SO49941,BK-M68S-46,15022,20121002,20121009,20121014,2071,1,2071
SO49942,BK-R64Y-42,14400,20121002,20121009,20121014,1000,1,1000
SO49943,BK-R64Y-40,14417,20121002,20121009,20121014,1000,1,1000
SO49944,BK-M68S-42,15210,20121002,20121009,20121014,2071,1,2071
SO49945,BK-R64Y-48,25119,20121002,20121009,20121014,1000,1,1000
SO49946,BK-R89R-58,18021,20121003,20121010,20121015,2182,1,2182
SO49947,BK-R64Y-42,19471,20121003,20121010,20121015,1000,1,1000
SO49948,BK-M68B-46,15015,20121003,20121010,20121015,2049,1,2049
SO49949,BK-R64Y-44,14411,20121003,20121010,20121015,1000,1,1000
SO49950,BK-R89R-58,24163,20121003,20121010,20121015,2182,1,2182
SO49951,BK-M68B-42,27231,20121004,20121011,20121016,2049,1,2049
SO49952,BK-R50B-58,15840,20121004,20121011,20121016,783,1,783
SO49953,BK-M68B-42,15213,20121004,20121011,20121016,2049,1,2049
SO49954,BK-M68B-42,15144,20121004,20121011,20121016,2049,1,2049
SO49955,BK-M68B-42,15152,20121004,20121011,20121016,2049,1,2049
SO49956,BK-R64Y-44,25112,20121004,20121011,20121016,1000,1,1000
SO49957,BK-R64Y-44,25114,20121004,20121011,20121016,1000,1,1000
SO49958,BK-R89R-44,24167,20121004,20121011,20121016,2443,1,2443
SO49959,BK-R89R-44,24241,20121004,20121011,20121016,2443,1,2443
SO49960,BK-R89B-48,24249,20121004,20121011,20121016,2182,1,2182
SO49961,BK-R50R-44,26921,20121004,20121011,20121016,783,1,783
SO49962,BK-M68B-38,27226,20121005,20121012,20121017,2049,1,2049
SO49963,BK-R89R-52,17847,20121005,20121012,20121017,2443,1,2443
SO49964,BK-R89B-52,16394,20121005,20121012,20121017,2182,1,2182
SO49965,BK-R50B-48,21071,20121005,20121012,20121017,783,1,783
SO49966,BK-M68S-38,12856,20121005,20121012,20121017,2071,1,2071
SO49967,BK-M68S-42,12521,20121005,20121012,20121017,2071,1,2071
SO49968,BK-M68S-42,15029,20121005,20121012,20121017,2071,1,2071
SO49969,BK-R50R-44,15768,20121005,20121012,20121017,783,1,783
SO49970,BK-R50R-44,15769,20121005,20121012,20121017,783,1,783
SO49971,BK-M68B-38,15208,20121005,20121012,20121017,2049,1,2049
SO49972,BK-M68S-46,15211,20121005,20121012,20121017,2071,1,2071
SO49973,BK-R89B-58,24173,20121005,20121012,20121017,2182,1,2182
SO49974,BK-R89R-58,24248,20121005,20121012,20121017,2182,1,2182
SO49975,BK-R89R-52,16291,20121006,20121013,20121018,2443,1,2443
SO49976,BK-R89B-48,13906,20121006,20121013,20121018,2182,1,2182
SO49977,BK-R89B-52,13910,20121006,20121013,20121018,2182,1,2182
SO49978,BK-M68S-38,12546,20121006,20121013,20121018,2071,1,2071
SO49979,BK-M68S-38,12855,20121006,20121013,20121018,2071,1,2071
SO49980,BK-M68B-38,15027,20121006,20121013,20121018,2049,1,2049
SO49981,BK-M68B-46,15032,20121006,20121013,20121018,2049,1,2049
SO49982,BK-R64Y-40,14406,20121006,20121013,20121018,1000,1,1000
SO49983,BK-M68S-46,15179,20121006,20121013,20121018,2071,1,2071
SO49984,BK-R64Y-40,25115,20121006,20121013,20121018,1000,1,1000
SO49985,BK-M68B-42,11339,20121007,20121014,20121019,2049,1,2049
SO49986,BK-M68B-46,21582,20121007,20121014,20121019,2049,1,2049
SO49987,BK-M68B-46,15204,20121007,20121014,20121019,2049,1,2049
SO49988,BK-M68B-46,15120,20121007,20121014,20121019,2049,1,2049
SO49989,BK-M68B-38,15130,20121007,20121014,20121019,2049,1,2049
SO49990,BK-M68S-46,15180,20121007,20121014,20121019,2071,1,2071
SO49991,BK-M68S-46,27211,20121008,20121015,20121020,2071,1,2071
SO49992,BK-M68B-38,27240,20121008,20121015,20121020,2049,1,2049
SO49993,BK-R89R-48,17781,20121008,20121015,20121020,2443,1,2443
SO49994,BK-R89B-58,17799,20121008,20121015,20121020,2182,1,2182
SO49995,BK-R50R-52,21060,20121008,20121015,20121020,783,1,783
SO49996,BK-M68B-46,12735,20121008,20121015,20121020,2049,1,2049
SO49997,BK-M68S-46,12736,20121008,20121015,20121020,2071,1,2071
SO49998,BK-M68B-46,12808,20121008,20121015,20121020,2049,1,2049
SO49999,BK-R64Y-42,14392,20121008,20121015,20121020,1000,1,1000
SO50000,BK-M68S-38,27116,20121008,20121015,20121020,2071,1,2071
SO50001,BK-M68S-38,15183,20121008,20121015,20121020,2071,1,2071
SO50002,BK-R89R-44,24170,20121008,20121015,20121020,2443,1,2443
SO50003,BK-R50B-62,26796,20121008,20121015,20121020,783,1,783
SO50004,BK-M68S-42,27228,20121009,20121016,20121021,2071,1,2071
SO50005,BK-R89R-58,17848,20121009,20121016,20121021,2182,1,2182
SO50006,BK-R50B-58,20896,20121009,20121016,20121021,783,1,783
SO50007,BK-M68S-42,15181,20121009,20121016,20121021,2071,1,2071
SO50008,BK-M68S-46,15122,20121009,20121016,20121021,2071,1,2071
SO50009,BK-R64Y-48,25111,20121009,20121016,20121021,1000,1,1000
SO50010,BK-R89R-48,24171,20121009,20121016,20121021,2443,1,2443
SO50011,BK-M68B-38,27232,20121010,20121017,20121022,2049,1,2049
SO50012,BK-M68B-38,27255,20121010,20121017,20121022,2049,1,2049
SO50013,BK-R89B-58,17979,20121010,20121017,20121022,2182,1,2182
SO50014,BK-R89R-48,17833,20121010,20121017,20121022,2443,1,2443
SO50015,BK-R64Y-38,19254,20121010,20121017,20121022,1000,1,1000
SO50016,BK-R50B-58,20870,20121010,20121017,20121022,783,1,783
SO50017,BK-R50R-44,21056,20121010,20121017,20121022,783,1,783
SO50018,BK-R50R-58,20876,20121010,20121017,20121022,783,1,783
SO50019,BK-R89B-48,26235,20121010,20121017,20121022,2182,1,2182
SO50020,BK-M68B-46,12738,20121010,20121017,20121022,2049,1,2049
SO50021,BK-M68B-46,12839,20121010,20121017,20121022,2049,1,2049
SO50022,BK-M68B-38,12712,20121010,20121017,20121022,2049,1,2049
SO50023,BK-R50B-48,15780,20121010,20121017,20121022,783,1,783
SO50024,BK-R50R-48,27406,20121010,20121017,20121022,783,1,783
SO50025,BK-R64Y-44,14386,20121010,20121017,20121022,1000,1,1000
SO50026,BK-M68S-46,15205,20121010,20121017,20121022,2071,1,2071
SO50027,BK-R89R-58,24272,20121010,20121017,20121022,2182,1,2182
SO50028,BK-R89B-58,24273,20121010,20121017,20121022,2182,1,2182
SO50029,BK-M68S-46,27195,20121011,20121018,20121023,2071,1,2071
SO50030,BK-M68S-38,27234,20121011,20121018,20121023,2071,1,2071
SO50031,BK-R50B-52,19421,20121011,20121018,20121023,783,1,783
SO50032,BK-R89R-48,13896,20121011,20121018,20121023,2443,1,2443
SO50033,BK-M68S-46,12713,20121011,20121018,20121023,2071,1,2071
SO50034,BK-M68S-42,15129,20121011,20121018,20121023,2071,1,2071
SO50035,BK-R89B-44,24270,20121011,20121018,20121023,2182,1,2182
SO50036,BK-M68S-46,27212,20121012,20121019,20121024,2071,1,2071
SO50037,BK-R89B-58,16289,20121012,20121019,20121024,2182,1,2182
SO50038,BK-R89B-58,17784,20121012,20121019,20121024,2182,1,2182
SO50039,BK-R89R-48,18000,20121012,20121019,20121024,2443,1,2443
SO50040,BK-M68S-42,15043,20121012,20121019,20121024,2071,1,2071
SO50041,BK-R50B-48,15841,20121012,20121019,20121024,783,1,783
SO50042,BK-R50R-44,15770,20121012,20121019,20121024,783,1,783
SO50043,BK-R64Y-42,14398,20121012,20121019,20121024,1000,1,1000
SO50044,BK-R89R-44,24162,20121012,20121019,20121024,2443,1,2443
SO50045,BK-R50R-44,26924,20121012,20121019,20121024,783,1,783
SO50046,BK-R89R-52,16404,20121013,20121020,20121025,2443,1,2443
SO50047,BK-R89B-48,16408,20121013,20121020,20121025,2182,1,2182
SO50048,BK-R64Y-48,19197,20121013,20121020,20121025,1000,1,1000
SO50049,BK-M68S-42,12745,20121013,20121020,20121025,2071,1,2071
SO50050,BK-M68S-46,15035,20121013,20121020,20121025,2071,1,2071
SO50051,BK-M68S-46,15127,20121013,20121020,20121025,2071,1,2071
SO50052,BK-M68S-38,27206,20121013,20121020,20121025,2071,1,2071
SO50053,BK-R89R-58,17811,20121014,20121021,20121026,2182,1,2182
SO50054,BK-R89R-48,16412,20121014,20121021,20121026,2443,1,2443
SO50055,BK-R64Y-40,19479,20121014,20121021,20121026,1000,1,1000
SO50056,BK-R50R-62,15842,20121014,20121021,20121026,783,1,783
SO50057,BK-R50R-60,15834,20121014,20121021,20121026,783,1,783
SO50058,BK-R64Y-38,14414,20121014,20121021,20121026,1000,1,1000
SO50059,BK-R64Y-42,14415,20121014,20121021,20121026,1000,1,1000
SO50060,BK-M68B-46,15151,20121014,20121021,20121026,2049,1,2049
SO50061,BK-R89B-52,24166,20121014,20121021,20121026,2182,1,2182
SO50062,BK-R89B-44,24172,20121014,20121021,20121026,2182,1,2182
SO50063,BK-R89R-58,24175,20121014,20121021,20121026,2182,1,2182
SO50064,BK-R89B-52,24271,20121014,20121021,20121026,2182,1,2182
SO50065,BK-M68B-38,15044,20121014,20121021,20121026,2049,1,2049
SO50066,BK-R89B-52,24242,20121014,20121021,20121026,2182,1,2182
SO50067,BK-R50B-48,26923,20121014,20121021,20121026,783,1,783
SO50068,BK-R50B-44,26797,20121014,20121021,20121026,783,1,783
SO50069,BK-R89R-58,17972,20121015,20121022,20121027,2182,1,2182
SO50070,BK-M68B-38,12624,20121015,20121022,20121027,2049,1,2049
SO50071,BK-M68B-46,12853,20121015,20121022,20121027,2049,1,2049
SO50072,BK-M68B-46,15036,20121015,20121022,20121027,2049,1,2049
SO50073,BK-R50B-44,15862,20121015,20121022,20121027,783,1,783
SO50074,BK-M68S-46,27117,20121015,20121022,20121027,2071,1,2071
SO50075,BK-M68S-46,15170,20121015,20121022,20121027,2071,1,2071
SO50076,BK-R89B-58,24169,20121015,20121022,20121027,2182,1,2182
SO50077,BK-R89R-44,24244,20121015,20121022,20121027,2443,1,2443
SO50078,BK-R89R-52,24251,20121015,20121022,20121027,2443,1,2443
SO50079,BK-R89B-58,24252,20121015,20121022,20121027,2182,1,2182
SO50080,BK-M68S-42,27239,20121016,20121023,20121028,2071,1,2071
SO50081,BK-R50B-48,19434,20121016,20121023,20121028,783,1,783
SO50082,BK-R50R-62,20874,20121016,20121023,20121028,783,1,783
SO50083,BK-R50B-58,19446,20121016,20121023,20121028,783,1,783
SO50084,BK-M68B-46,12548,20121016,20121023,20121028,2049,1,2049
SO50085,BK-R89B-44,24164,20121016,20121023,20121028,2182,1,2182
SO50086,BK-R89R-44,24174,20121016,20121023,20121028,2443,1,2443
SO50087,BK-M68B-38,21613,20121017,20121024,20121029,2049,1,2049
SO50088,BK-R89B-58,16393,20121017,20121024,20121029,2182,1,2182
SO50089,BK-R64Y-48,17778,20121017,20121024,20121029,1000,1,1000
SO50090,BK-R50R-44,19423,20121017,20121024,20121029,783,1,783
SO50091,BK-R50B-60,19436,20121017,20121024,20121029,783,1,783
SO50092,BK-M68S-42,11378,20121017,20121024,20121029,2071,1,2071
SO50093,BK-R50R-58,15781,20121017,20121024,20121029,783,1,783
SO50094,BK-M68S-38,15184,20121017,20121024,20121029,2071,1,2071
SO50095,BK-M68B-46,15178,20121017,20121024,20121029,2049,1,2049
SO50096,BK-R89B-52,17978,20121018,20121025,20121030,2182,1,2182
SO50097,BK-R50R-60,19447,20121018,20121025,20121030,783,1,783
SO50098,BK-R50R-52,15843,20121018,20121025,20121030,783,1,783
SO50099,BK-R50R-58,15852,20121018,20121025,20121030,783,1,783
SO50100,BK-R64Y-42,14385,20121018,20121025,20121030,1000,1,1000
SO50101,BK-R89R-48,16310,20121019,20121026,20121031,2443,1,2443
SO50102,BK-R89R-52,13898,20121019,20121026,20121031,2443,1,2443
SO50103,BK-R50R-60,15827,20121019,20121026,20121031,783,1,783
SO50104,BK-R64Y-42,14394,20121019,20121026,20121031,1000,1,1000
SO50105,BK-R64Y-48,25113,20121019,20121026,20121031,1000,1,1000
SO50106,BK-R50B-52,27299,20121019,20121026,20121031,783,1,783
SO50107,BK-M68B-42,27254,20121020,20121027,20121101,2049,1,2049
SO50108,BK-R89B-44,17974,20121020,20121027,20121101,2182,1,2182
SO50109,BK-R89B-44,16268,20121020,20121027,20121101,2182,1,2182
SO50110,BK-R50R-62,19441,20121020,20121027,20121101,783,1,783
SO50111,BK-R89B-52,24250,20121020,20121027,20121101,2182,1,2182
SO50112,BK-R50R-48,26917,20121020,20121027,20121101,783,1,783
SO50113,BK-M68B-38,27235,20121021,20121028,20121102,2049,1,2049
SO50114,BK-M68S-46,27256,20121021,20121028,20121102,2071,1,2071
SO50115,BK-R89B-44,17764,20121021,20121028,20121102,2182,1,2182
SO50116,BK-R89B-52,17825,20121021,20121028,20121102,2182,1,2182
SO50117,BK-R89B-48,17893,20121021,20121028,20121102,2182,1,2182
SO50118,BK-R50R-58,21044,20121021,20121028,20121102,783,1,783
SO50119,BK-R89B-52,13907,20121021,20121028,20121102,2182,1,2182
SO50120,BK-M68S-38,15040,20121021,20121028,20121102,2071,1,2071
SO50121,BK-M68S-42,15042,20121021,20121028,20121102,2071,1,2071
SO50122,BK-R50B-48,15844,20121021,20121028,20121102,783,1,783
SO50123,BK-R50R-52,15778,20121021,20121028,20121102,783,1,783
SO50124,BK-M68S-38,27114,20121021,20121028,20121102,2071,1,2071
SO50125,BK-M68B-38,15209,20121021,20121028,20121102,2049,1,2049
SO50126,BK-M68S-46,15135,20121021,20121028,20121102,2071,1,2071
SO50127,BK-R89R-52,24176,20121021,20121028,20121102,2443,1,2443
SO50128,BK-M68S-38,27227,20121022,20121029,20121103,2071,1,2071
SO50129,BK-R89B-58,17990,20121022,20121029,20121103,2182,1,2182
SO50130,BK-R64Y-40,19284,20121022,20121029,20121103,1000,1,1000
SO50131,BK-R50R-44,19426,20121022,20121029,20121103,783,1,783
SO50132,BK-R50B-62,21053,20121022,20121029,20121103,783,1,783
SO50133,BK-M68B-46,11345,20121022,20121029,20121103,2049,1,2049
SO50134,BK-M68S-42,15028,20121022,20121029,20121103,2071,1,2071
SO50135,BK-M68S-42,15037,20121022,20121029,20121103,2071,1,2071
SO50136,BK-R50R-58,15845,20121022,20121029,20121103,783,1,783
SO50137,BK-R50B-48,15865,20121022,20121029,20121103,783,1,783
SO50138,BK-R64Y-48,14413,20121022,20121029,20121103,1000,1,1000
SO50139,BK-M68S-38,15182,20121022,20121029,20121103,2071,1,2071
SO50140,BK-R89R-44,24161,20121022,20121029,20121103,2443,1,2443
SO50141,BK-R89R-48,24179,20121022,20121029,20121103,2443,1,2443
SO50142,BK-R50R-60,26920,20121022,20121029,20121103,783,1,783
SO50143,BK-M68B-42,27205,20121023,20121030,20121104,2049,1,2049
SO50144,BK-R64Y-48,19459,20121023,20121030,20121104,1000,1,1000
SO50145,BK-R64Y-44,19283,20121023,20121030,20121104,1000,1,1000
SO50146,BK-R89B-52,13897,20121023,20121030,20121104,2182,1,2182
SO50147,BK-R50R-58,27429,20121023,20121030,20121104,783,1,783
SO50148,BK-R50R-48,15771,20121023,20121030,20121104,783,1,783
SO50149,BK-M68S-42,15134,20121023,20121030,20121104,2071,1,2071
SO50150,BK-R50B-44,26919,20121023,20121030,20121104,783,1,783
SO50151,BK-R50B-60,26967,20121023,20121030,20121104,783,1,783
SO50152,BK-R89R-58,17768,20121024,20121031,20121105,2182,1,2182
SO50153,BK-R50B-60,21092,20121024,20121031,20121105,783,1,783
SO50154,BK-R89B-44,13904,20121024,20121031,20121105,2182,1,2182
SO50155,BK-M68S-46,15030,20121024,20121031,20121105,2071,1,2071
SO50156,BK-M68B-38,15038,20121024,20121031,20121105,2049,1,2049
SO50157,BK-M68S-46,15121,20121024,20121031,20121105,2071,1,2071
SO50158,BK-M68S-38,15133,20121024,20121031,20121105,2071,1,2071
SO50159,BK-R89R-52,24165,20121024,20121031,20121105,2443,1,2443
SO50160,BK-R50R-58,15873,20121024,20121031,20121105,783,1,783
SO50161,BK-R89B-52,24247,20121024,20121031,20121105,2182,1,2182
SO50162,BK-R50R-58,26918,20121024,20121031,20121105,783,1,783
SO50163,BK-M68S-42,27250,20121025,20121101,20121106,2071,1,2071
SO50164,BK-R89B-52,17765,20121025,20121101,20121106,2182,1,2182
SO50165,BK-R89B-58,17977,20121025,20121101,20121106,2182,1,2182
SO50166,BK-R64Y-42,19467,20121025,20121101,20121106,1000,1,1000
SO50167,BK-R89R-58,13905,20121025,20121101,20121106,2182,1,2182
SO50168,BK-M68S-46,15033,20121025,20121101,20121106,2071,1,2071
SO50169,BK-M68S-46,15041,20121025,20121101,20121106,2071,1,2071
SO50170,BK-R89R-58,24257,20121025,20121101,20121106,2182,1,2182
SO50171,BK-R89B-48,16288,20121026,20121102,20121107,2182,1,2182
SO50172,BK-R64Y-40,17773,20121026,20121102,20121107,1000,1,1000
SO50173,BK-R64Y-42,25121,20121026,20121102,20121107,1000,1,1000
SO50174,BK-R89B-44,24168,20121026,20121102,20121107,2182,1,2182
SO50175,BK-R89R-58,24178,20121026,20121102,20121107,2182,1,2182
SO50176,BK-R89R-58,16273,20121026,20121102,20121107,2182,1,2182
SO50177,BK-R50R-60,26795,20121026,20121102,20121107,783,1,783
SO50178,BK-M68S-42,27257,20121027,20121103,20121108,2071,1,2071
SO50179,BK-R89B-52,17769,20121027,20121103,20121108,2182,1,2182
SO50180,BK-R89R-48,17777,20121027,20121103,20121108,2443,1,2443
SO50181,BK-R64Y-42,19257,20121027,20121103,20121108,1000,1,1000
SO50182,BK-R50R-62,21067,20121027,20121103,20121108,783,1,783
SO50183,BK-R50R-48,20912,20121027,20121103,20121108,783,1,783
SO50184,BK-M68B-42,11340,20121027,20121103,20121108,2049,1,2049
SO50185,BK-M68B-42,12657,20121027,20121103,20121108,2049,1,2049
SO50186,BK-R64Y-42,14412,20121027,20121103,20121108,1000,1,1000
SO50187,BK-M68B-42,15150,20121027,20121103,20121108,2049,1,2049
SO50188,BK-R50R-48,26922,20121027,20121103,20121108,783,1,783
SO50323,BK-M68S-46,27447,20121028,20121104,20121109,2071,1,2071
SO50324,BK-R89B-52,18158,20121028,20121104,20121109,2182,1,2182
SO50325,BK-M68S-46,27291,20121028,20121104,20121109,2071,1,2071
SO50326,BK-M68S-42,21620,20121028,20121104,20121109,2071,1,2071
SO50327,BK-R50B-52,21130,20121028,20121104,20121109,783,1,783
SO50328,BK-M68S-46,11401,20121028,20121104,20121109,2071,1,2071
SO50329,BK-M68S-42,11403,20121028,20121104,20121109,2071,1,2071
SO50330,BK-R50R-60,15892,20121028,20121104,20121109,783,1,783
SO50331,BK-R50R-48,15915,20121028,20121104,20121109,783,1,783
SO50332,BK-R64Y-42,25222,20121028,20121104,20121109,1000,1,1000
SO50333,BK-M68S-38,15580,20121028,20121104,20121109,2071,1,2071
SO50334,BK-M68B-42,15595,20121028,20121104,20121109,2049,1,2049
SO50335,BK-M68S-46,15648,20121028,20121104,20121109,2071,1,2071
SO50336,BK-M68B-46,27449,20121029,20121105,20121110,2049,1,2049
SO50337,BK-M68B-38,21652,20121029,20121105,20121110,2049,1,2049
SO50338,BK-R89B-52,17946,20121029,20121105,20121110,2182,1,2182
SO50339,BK-R89B-58,18026,20121029,20121105,20121110,2182,1,2182
SO50340,BK-R89B-58,16424,20121029,20121105,20121110,2182,1,2182
SO50341,BK-M68S-46,27289,20121029,20121105,20121110,2071,1,2071
SO50342,BK-M68B-42,27425,20121029,20121105,20121110,2049,1,2049
SO50343,BK-R89B-52,26310,20121029,20121105,20121110,2182,1,2182
SO50344,BK-R50B-62,15937,20121029,20121105,20121110,783,1,783
SO50345,BK-M68S-42,15225,20121029,20121105,20121110,2071,1,2071
SO50346,BK-M68S-42,15575,20121029,20121105,20121110,2071,1,2071
SO50347,BK-M68S-46,27405,20121030,20121106,20121111,2071,1,2071
SO50348,BK-R64Y-38,19311,20121030,20121106,20121111,1000,1,1000
SO50349,BK-R64Y-38,19314,20121030,20121106,20121111,1000,1,1000
SO50350,BK-R50B-52,21103,20121030,20121106,20121111,783,1,783
SO50351,BK-R50B-62,15885,20121030,20121106,20121111,783,1,783
SO50352,BK-R50B-60,15948,20121030,20121106,20121111,783,1,783
SO50353,BK-R64Y-42,14440,20121030,20121106,20121111,1000,1,1000
SO50354,BK-R64Y-38,14456,20121030,20121106,20121111,1000,1,1000
SO50355,BK-M68S-38,15268,20121030,20121106,20121111,2071,1,2071
SO50356,BK-M68S-42,15600,20121030,20121106,20121111,2071,1,2071
SO50357,BK-M68S-38,15643,20121030,20121106,20121111,2071,1,2071
SO50358,BK-R50B-58,27339,20121030,20121106,20121111,783,1,783
SO50359,BK-R89R-52,24274,20121030,20121106,20121111,2443,1,2443
SO50360,BK-R89R-44,24301,20121030,20121106,20121111,2443,1,2443
SO50361,BK-R64Y-44,19510,20121030,20121106,20121111,1000,1,1000
SO50362,BK-M68B-46,27292,20121031,20121107,20121112,2049,1,2049
SO50363,BK-M68B-38,27263,20121031,20121107,20121112,2049,1,2049
SO50364,BK-R50R-62,21106,20121031,20121107,20121112,783,1,783
SO50365,BK-R89R-52,13925,20121031,20121107,20121112,2443,1,2443
SO50366,BK-R89R-48,26294,20121031,20121107,20121112,2443,1,2443
SO50367,BK-R64Y-38,26572,20121031,20121107,20121112,1000,1,1000
SO50368,BK-M68B-46,15265,20121031,20121107,20121112,2049,1,2049
SO50369,BK-M68S-38,15642,20121031,20121107,20121112,2071,1,2071
SO50370,BK-R89B-52,17941,20121031,20121107,20121112,2182,1,2182
SO50371,BK-R89B-44,16431,20121101,20121108,20121113,2182,1,2182
SO50372,BK-M68B-38,27440,20121101,20121108,20121113,2049,1,2049
SO50373,BK-M68B-38,27260,20121101,20121108,20121113,2049,1,2049
SO50374,BK-R64Y-40,17787,20121101,20121108,20121113,1000,1,1000
SO50375,BK-R64Y-38,17830,20121101,20121108,20121113,1000,1,1000
SO50376,BK-R64Y-42,17831,20121101,20121108,20121113,1000,1,1000
SO50377,BK-R50B-58,20913,20121101,20121108,20121113,783,1,783
SO50378,BK-R50R-58,19473,20121101,20121108,20121113,783,1,783
SO50379,BK-M68B-38,13251,20121101,20121108,20121113,2049,1,2049
SO50380,BK-M68S-46,11420,20121101,20121108,20121113,2071,1,2071
SO50381,BK-M68S-46,15436,20121101,20121108,20121113,2071,1,2071
SO50382,BK-M68B-42,15591,20121101,20121108,20121113,2049,1,2049
SO50383,BK-R50R-44,27353,20121101,20121108,20121113,783,1,783
SO50384,BK-R50B-48,27371,20121101,20121108,20121113,783,1,783
SO50385,BK-M68S-46,27258,20121102,20121109,20121114,2071,1,2071
SO50386,BK-R89B-44,1794
